time,open,high,low,close,"GOLD, TVC: Open","GOLD, TVC: High","GOLD, TVC: Low","GOLD, TVC: Close","JPYUSD, IDC: Open","JPYUSD, IDC: High","JPYUSD, IDC: Low","JPYUSD, IDC: Close","EURUSD, FXCM: Open","EURUSD, FXCM: High","EURUSD, FXCM: Low","EURUSD, FXCM: Close","GBPUSD, FXCM: Open","GBPUSD, FXCM: High","GBPUSD, FXCM: Low","GBPUSD, FXCM: Close","SPY, CBOE BZX: Open","SPY, CBOE BZX: High","SPY, CBOE BZX: Low","SPY, CBOE BZX: Close","AAPL, CBOE BZX: Open","AAPL, CBOE BZX: High","AAPL, CBOE BZX: Low","AAPL, CBOE BZX: Close","MSFT, CBOE BZX: Open","MSFT, CBOE BZX: High","MSFT, CBOE BZX: Low","MSFT, CBOE BZX: Close","GOOGL, CBOE BZX: Open","GOOGL, CBOE BZX: High","GOOGL, CBOE BZX: Low","GOOGL, CBOE BZX: Close","USB, CBOE BZX: Open","USB, CBOE BZX: High","USB, CBOE BZX: Low","USB, CBOE BZX: Close","TSLA, CBOE BZX: Open","TSLA, CBOE BZX: High","TSLA, CBOE BZX: Low","TSLA, CBOE BZX: Close","ADSK, CBOE BZX: Open","ADSK, CBOE BZX: High","ADSK, CBOE BZX: Low","ADSK, CBOE BZX: Close","NFLX, CBOE BZX: Open","NFLX, CBOE BZX: High","NFLX, CBOE BZX: Low","NFLX, CBOE BZX: Close","AMD, CBOE BZX: Open","AMD, CBOE BZX: High","AMD, CBOE BZX: Low","AMD, CBOE BZX: Close","AVGO, CBOE BZX: Open","AVGO, CBOE BZX: High","AVGO, CBOE BZX: Low","AVGO, CBOE BZX: Close","AMZN, CBOE BZX: Open","AMZN, CBOE BZX: High","AMZN, CBOE BZX: Low","AMZN, CBOE BZX: Close","SPGI, CBOE BZX: Open","SPGI, CBOE BZX: High","SPGI, CBOE BZX: Low","SPGI, CBOE BZX: Close","PYPL, CBOE BZX: Open","PYPL, CBOE BZX: High","PYPL, CBOE BZX: Low","PYPL, CBOE BZX: Close","PLATINUM, TVC: Open","PLATINUM, TVC: High","PLATINUM, TVC: Low","PLATINUM, TVC: Close","SILVER, TVC: Open","SILVER, TVC: High","SILVER, TVC: Low","SILVER, TVC: Close","SBUX, CBOE BZX: Open","SBUX, CBOE BZX: High","SBUX, CBOE BZX: Low","SBUX, CBOE BZX: Close","QCOM, CBOE BZX: Open","QCOM, CBOE BZX: High","QCOM, CBOE BZX: Low","QCOM, CBOE BZX: Close","FB, CBOE BZX: Open","FB, CBOE BZX: High","FB, CBOE BZX: Low","FB, CBOE BZX: Close","USB, CBOE BZX: Open","USB, CBOE BZX: High","USB, CBOE BZX: Low","USB, CBOE BZX: Close","CDR, GPW: Open","CDR, GPW: High","CDR, GPW: Low","CDR, GPW: Close","KGH, GPW: Open","KGH, GPW: High","KGH, GPW: Low","KGH, GPW: Close","PKN, GPW: Open","PKN, GPW: High","PKN, GPW: Low","PKN, GPW: Close",Volume,Volume MA
2005-05-01T22:00:00Z,3.3368,3.3368,3.3368,3.3368,434.75,434.75,413.8,416.8,0.009517,0.009595,0.00921,0.009211,1.28641,1.29881,1.22951,1.23021,1.9071,1.9076,1.8104,1.8171,116.07001,120.25,114.8,119.48,1.294998,1.462141,1.182499,1.419973,25.23,26.09,24.31,25.8,111.132694,139.334974,110.211807,138.769486,28.07001,29.89999,27.97,29.33,NaN,NaN,NaN,NaN,31.85001,39.58,31.85001,39.58,1.647141,2.752854,1.617141,2.041427,14.21,16.62,14.21,16.39999,NaN,NaN,NaN,NaN,32.3,36.03999,32.10001,35.50999,43.515,45.675005,42.95,43.66,NaN,NaN,NaN,NaN,867.5,881.5,847,858.5,6.9,7.45,6.785,7.37,12.474998,13.93,12.3,13.697498,34.89999,37.75,34.52,37.27,NaN,NaN,NaN,NaN,28.07001,29.89999,27.97,29.33,NaN,NaN,NaN,NaN,30,31.6,27.700001,29.4,46,46.900002,41.5,46.200001,0,NaN
2012-04-01T22:00:00Z,0.31413,0.31795,0.3117,0.31676,1667.8,1683.57,1612.53,1664.71,0.01199,0.01249,0.01199,0.01248,1.33398,1.33805,1.29948,1.32387,1.60056,1.63013,1.5805,1.62281,140.64,142.21001,135.75999,139.87,21.49391,22.999977,19.821409,20.856407,32.22,32.89,30.23,32.015,320.695783,326.886718,295.386222,302.718402,31.55,32.55,30.33,32.17,7.466,7.69392,6.2,6.626,41.38,42.69,38.46001,39.37,16.399984,16.399984,11.394273,11.44856,8.03,8.24,7.21,7.36,38.89,39.00999,32.38,34.48,198.02,233.84,183.64999,231.89999,48.36,50,47.33,49.17,NaN,NaN,NaN,NaN,1635.5,1665,1540.5,1563.5,32.23,33.29,30.001,31.01,28.015,31,27.980005,28.685,68.25,68.83,61.25999,63.83,NaN,NaN,NaN,NaN,31.55,32.55,30.33,32.17,6.98,7,4.92,5.55,144.8,147.3,131.8,138.8,37.700001,38.75,36,36.790001,0,NaN
2012-04-30T22:00:00Z,0.3168,0.31843,0.2807,0.2811,1664.66,1671.64,1527.24,1560,0.01248,0.01276,0.01242,0.01273,1.32387,1.32844,1.23364,1.23654,1.62281,1.62474,1.53607,1.54006,139.78999,141.66,129.55,131.47,20.889261,21.312836,18.649265,20.633193,32.05,32.33501,28.64,29.19,302.187858,319.234407,289.780815,290.711772,32.06,32.9778,30.12,31.11,6.626,6.935998,5.366,5.9,39.48,41.28,28.52,32.02,11.469987,11.854274,8.909278,9.062848,7.34,7.72,5.89,6.08,34.53,34.95,29.7,33.10001,229.39999,232.97,207.11,212.91,49.08,49.67,43.28,43.38,NaN,NaN,NaN,NaN,1563,1576,1390,1408,31.016,31.331,26.79,27.682,28.754995,29.214995,25.714995,27.445,63.82001,64.7195,55.72,57.31,42.05,45,26.83,29.60001,32.06,32.9778,30.12,31.11,5.63,5.67,4.23,4.6,139,139.8,114.5,128,36.990002,36.990002,32.41,33.25,0,NaN
2012-05-31T22:00:00Z,0.28119,0.30043,0.2787,0.29922,1559.89,1640.9,1545,1597.43,0.01273,0.01286,0.0124,0.0125,1.23654,1.27474,1.2287700000000001,1.26547,1.54006,1.57778,1.52683,1.56951,129.41,136.27,127.13499,136.105,20.327119,21.071408,19.589266,20.857122,28.75999,31.14,28.32001,30.59,286.172338,294.230072,278.529922,290.316369,30.52,32.17999,28.58,32.16,5.706,6.9,5.422,6.257998,31.27,35.13,30.05,34.99001,8.707134,10.068561,8.67142,9.783562,5.9,6.14,5.32,5.73,32.42999,35.94,30.175,35.89999,208.44,228.35001,206.37,228.35001,43.13,45.00999,42.02,45,NaN,NaN,NaN,NaN,1407,1504,1387,1441.7,27.68,29.89,26.147,27.47,26.555,27.985,25.515,26.660005,55.97,59.685,53.41,55.67999,28.892,33.45,25.52,31.095,30.52,32.17999,28.58,32.16,4.66,5.15,4.43,5.13,128,149.7,124.1,145,33.5,37.799999,31.440001,37.41,0,NaN
2012-07-01T22:00:00Z,0.29944,0.30054,0.28508,0.29873,1597.3,1629.5,1555.03,1613.75,0.01249,0.0128,0.01249,0.01278,1.26547,1.2678,1.20422,1.2304000000000002,1.56951,1.57678,1.53928,1.5672,136.48,139.339,132.60001,137.71001,20.883193,22.138196,20.357123,21.812836,30.62,31.05,28.53999,29.47,291.192218,321.611711,281.317659,316.791975,32.47,34.10001,31.75999,33.5,6.270002,7.2,5.442002,5.484,35.03,35.03,30.12,33.92,9.824276,12.378558,8.019992,8.121422,5.75,6.08,3.98,4.06,35.77,37.64,32.14,36.89999,229.3,240.74001,212.61,233.3,45.83,48.05,44.19,46.96001,NaN,NaN,NaN,NaN,1442.5,1489,1381,1414,27.47,28.45,26.495,27.965,26.72,27.137495,22.545,22.64,55.64999,60.19,53.09,59.67999,31.25,32.88,21.61,21.71001,32.47,34.10001,31.75999,33.5,5.1,5.1,4.41,4.49,145.7,155.60001,109.6,126.7,36.799999,39.389999,34.959999,35.799999,0,NaN
2012-07-31T22:00:00Z,0.29872,0.3088,0.29508,0.30107,1613.6,1692.92,1584.3,1691.4,0.01278,0.0128,0.01255,0.01273,1.2304000000000002,1.26374,1.21337,1.25674,1.5672,1.59126,1.54904,1.58607,138.7,143.09,135.58,141.16,21.996586,24.316766,21.437479,23.758547,29.59,30.96001,28.97,30.82001,318.959116,344.829155,312.007309,342.877314,33.63,33.89,32.58,33.41,5.598002,6.26,5.104,5.704,34.22,36.21001,27.7,31.05,8.204276,9.521418,7.544278,8.53142,4.09,4.47,3.6,3.72,37.11,37.88,35.41,36.57001,234.14,250,228.66,248.27,47.19,51.35001,46.25,51.2,NaN,NaN,NaN,NaN,1412,1560.5,1379.6,1532,27.96,31.753,27.02,31.7,22.735,25.03,21.519995,24.805,60.09,63.34,58.16,61.46001,21.5,22.45,18.03,18.058,33.63,33.89,32.58,33.41,4.47,4.72,4.2,4.45,125.5,138.60001,122.8,129.89999,36.200001,39.959999,36,39.049999,0,NaN
2012-09-02T22:00:00Z,0.3007,0.32315,0.29716,0.31335,1691.4,1787.4,1685.65,1771.7,0.01274,0.01292,0.01265,0.01281,1.25674,1.31719,1.2501600000000002,1.28562,1.58607,1.63096,1.58257,1.61618,141.03999,148.11,140.13,143.97,23.777119,25.181049,23.428548,23.825154,30.45,31.61,29.74001,29.75999,342.607032,382.815917,337.076648,377.615932,33.33,35.14999,33.0099,34.3,5.704,6.556,5.459,5.856,30.91,34.16,30.83,33.35001,8.285706,8.774136,7.578564,7.777135,3.69,4.02,3.22,3.37,36.37,36.83,32.39,34.86501,248.27,264.11011,244.66,254.32001,51.21001,55.19,51,54.59,NaN,NaN,NaN,NaN,1529.2,1715.5,1529.2,1654.8,31.7,35.19,31.545,34.48,24.725,26,24.495005,25.355005,61.2,65.45,60.28,62.47,18.08,23.37,17.55,21.66,33.33,35.14999,33.0099,34.3,4.45,5.42,4.23,5.21,131,155,131,152.5,39.400002,46.279999,39.150002,45.5,0,NaN
2012-09-30T22:00:00Z,0.31157,0.3209,0.31049,0.3126,1771.7,1795.9,1698.8,1719.5,0.01279,0.01283,0.01242,0.0125,1.28562,1.31395,1.28037,1.29584,1.61618,1.62172,1.59135,1.6126,144.52,147.16,140.39,141.35001,23.969973,24.169619,20.989263,21.26141,29.81,30.25,27.75999,28.53999,379.893164,387.565514,335.174779,340.478749,34.45,35.46001,33,33.21001,5.9,6.020002,5.372,5.626278,32.61,33.81,30.2,31.85201,7.799994,12.135702,7.762849,11.319903,3.39,3.41,2.03,2.05,35.14,35.53999,32.53999,33.03,255.39999,261.8999,222.92,232.8931,54.67999,56.7,54.16,55.28,NaN,NaN,NaN,NaN,1654.8,1728.5,1529.7,1567.5,34.48,35.4,31.538,32.2,25.464995,25.65,22.135,22.949995,62.73,63.75,57.28999,58.61,22.08,24.25,18.8,21.11,34.45,35.46001,33,33.21001,5.17,5.65,5.07,5.27,151.8,168,151.10001,160.8,45.419998,46.299999,41.220001,43.799999,0,NaN
2012-10-31T22:00:00Z,0.31258,0.31797,0.30272,0.31593,1720.7,1754.4,1672.9,1714.6,0.0125,0.01262,0.01209,0.0121,1.29584,1.30278,1.2660200000000001,1.29854,1.6126,1.61749,1.58232,1.6009,141.64999,143.72,134.7,142.155,21.364978,21.535693,18.062482,20.902837,28.84,30.2,26.34489,26.61501,340.079557,349.949107,318.30846,349.52377,33.28,33.97,30.96001,32.25999,5.65,6.857998,5.64,6.764002,32.05,33.63,30.22,33.13,11.121419,12.079988,10.642847,11.672847,2.07,2.35,1.81,2.2,33.28999,35.42999,31.67999,35.10001,234.23,252.64999,218.17999,252.05,55.63,56.75,49.56,53.11,NaN,NaN,NaN,NaN,1565,1623,1536,1598,32.22,34.406,30.673,33.39,22.870005,26.152495,22.695,25.935,58.71001,63.80499,58.11,63.62,21.08,28,18.87,28,33.28,33.97,30.96001,32.25999,5.3,6.38,5.15,6.08,162.5,184.7,160.3,178.7,44.09,47.759998,40.830002,45.700001,0,NaN
2012-12-02T22:00:00Z,0.31566,0.32626,0.3119,0.32289,1714.8,1723.3,1635.4,1674.95,0.01212,0.01221,0.0115,0.0115,1.29854,1.33083,1.28762,1.31848,1.6009,1.63066,1.60019,1.6262699999999999,142.8,145.58,139.53999,142.41,21.201761,21.235339,17.901053,19.006154,26.78,27.73,26.25999,26.7097,351.460581,369.498081,341.49597,354.033019,32.35001,32.66,31.28,31.94,6.778,7.16,6.55,6.774,33.35001,36.96001,32.77,35.35001,11.692847,13.971415,10.642847,13.22713,2.28,2.59,2.21,2.4,35.39,35.58,30.5,31.6508,252.53999,263.11011,242.75,250.87,53.21001,57.44,52.92999,54.67,NaN,NaN,NaN,NaN,1593.9,1645.5,1514.5,1535.8,33.4,33.85,29.614,30.31,26.07,27.449995,24.78,26.815,63.91,64.72,59.44,61.8596,27.99989,28.88,25.14999,26.61971,32.35001,32.66,31.28,31.94,6.1,6.5,5.84,6.2,178,194.8,176,190,45.5,53.700001,44.900002,49.5,0,NaN
2012-12-31T22:00:00Z,0.32279,0.32692,0.31557,0.32301,1674.9,1697.5,1626.18,1663.35,0.0115,0.01153,0.01088,0.01088,1.31848,1.35945,1.2997400000000001,1.35769,1.6262699999999999,1.63422,1.56745,1.58559,145.11,150.94,144.73,149.7,19.779268,19.821409,15.535699,16.267483,27.25,28.23,26.28,27.45,360.058879,380.844036,348.097337,378.21148,32.46001,33.8,32.39999,33.10001,7,7.742002,6.422,7.501998,36.05,40,35.84,38.88,13.601416,25.321403,12.955701,23.605692,2.55,2.93,2.43,2.6,32.42999,36.09,32.09,35.77,256.08008,284.71997,253.25999,265.5,55.63,57.86,53.46001,57.52,NaN,NaN,NaN,NaN,1538,1702.5,1536.5,1672.33,30.299,32.47,29.236,31.424,27.295,28.635,26.839995,28.06,63.58,67.44,62.33,66.02,27.44,32.5063,27.42,30.981,32.46001,33.8,32.39999,33.10001,6.21,6.87,6.1,6.72,194,194.8,182.3,188.89999,50.700001,52.900002,47.799999,49,0,NaN
2013-01-31T22:00:00Z,0.32302,0.32838,0.31295,0.31426,1663.2,1685.3,1554.8,1579.52,0.01088,0.01095,0.01057,0.01078,1.35769,1.3710900000000001,1.30182,1.3057400000000001,1.58559,1.58786,1.50688,1.51632,150.64999,153.28,148.73,151.61,16.396773,17.319266,15.630695,15.764266,27.67,28.2,27.10001,27.8,379.467702,404.877335,379.417729,400.988557,33.37,34.39999,32.84,33.98,7.634,8,6.76,6.966,39.39,39.67,35.77,36.72,24.28569,28.2314,23.254262,26.868545,2.63,2.84,2.44,2.49,35.92,36.3,32.66,34.22,268.92993,274.30005,255.11,264.27002,57.78,58.62,42.07001,46.55,NaN,NaN,NaN,NaN,1673.5,1740,1578.25,1578.25,31.45,32.152,28.297,28.5,28.285005,28.550005,26.26,27.425005,66.39999,67.45,64.32001,65.64,31.00999,31.02,26.34,27.25,33.37,34.39999,32.84,33.98,6.72,7.52,6.68,7.33,188.5,192.7,176.39999,180.7,49.400002,56,47.450001,53.650002,0,NaN
2013-02-28T22:00:00Z,0.31414,0.31688,0.30502,0.3065,1579.55,1616.88,1561.7,1594.3,0.01078,0.01079,0.01036,0.01059,1.3057400000000001,1.31345,1.27508,1.28155,1.51632,1.52612,1.48314,1.5201,151.09,156.85001,150.41,156.67,15.642842,16.78391,14.964271,15.809267,27.72,28.66,27.52,28.605,399.286958,422.40934,397.034776,397.479176,33.75,34.73,33.39999,33.92999,7,7.898002,6.85,7.578,37.25,41.42,36.55,41.25,26.729973,28.1514,25.165689,27.039973,2.5,2.75,2.36,2.55,33.92,36.98,33.00999,35.89999,263.27002,277.3999,252.07001,266.48999,46.53,52.38,46.38,52.08,NaN,NaN,NaN,NaN,1578.35,1612.5,1549,1564,28.509,29.37,27.971,28.42,27.315,29.485,27,28.475,65.34,68.5,63.39999,66.94,27.05,28.675,24.72,25.58,33.75,34.73,33.39999,33.92999,7.34,7.89,6.57,6.87,178,178.2,152.3,157.8,54.049999,57.400002,50.049999,51.400002,0,NaN
2013-03-31T22:00:00Z,0.30647,0.32082,0.30516,0.31584,1593.65,1603.9,1321.5,1474.7,0.01074,0.01076,0.00999,0.01024,1.28034,1.32016,1.2744900000000001,1.31664,1.51884,1.5568899999999999,1.50331,1.5531,156.59,159.72,153.55,159.67999,15.782124,15.90177,13.753561,15.813557,28.64,33.11,28.11,33.10001,397.890585,414.22135,380.999216,412.684951,33.92999,34.42999,31.99001,33.28,8.472,11.635998,8.042098,10.798002,40.09,40.67999,35.50999,39.38,27.278544,32.042825,22.714263,30.867113,2.54,2.82,2.26,2.82,35.82001,36,30.57001,31.96001,266.97998,275.80005,248.56,253.81,51.87,55,50.50999,54.11,NaN,NaN,NaN,NaN,1569,1599,1378,1502,28.236,28.377,22.06,24.264,28.565,30.46,28.324995,30.42,66.7,67.655,61.25,61.60001,25.63,28.10001,25.14999,27.769,33.92999,34.42999,31.99001,33.28,6.8,7.54,6.31,7.54,158.2,166.89999,135.5,148,51.700001,51.950001,46.810001,49,0,NaN
2013-04-30T22:00:00Z,0.31551,0.31892,0.3027,0.30304,1475.25,1487.98,1338.1,1387.81,0.01024,0.01028,0.00966,0.00993,1.31664,1.32429,1.27964,1.29956,1.5531,1.56068,1.50085,1.51946,159.33,169.07001,158.10001,163.44501,15.873554,16.633912,14.960696,16.061952,32.92999,35.28,32.32001,34.89999,412.029286,460.746541,408.57599,436.031551,33.22,35.92999,32.53,35.06,11.198002,22.979998,10.6,19.551998,39.23,40.265,34.39999,37.73,30.845683,35.549966,29.145685,32.321396,2.81,4.42,2.79,4,32.06,38.26601,31.25,37.73,253.89999,271.90991,245.75,269.19995,54.08,56.07001,52.91,54.55,NaN,NaN,NaN,NaN,1502.5,1517,1433,1455.5,24.263,24.431,20.303,22.21,30.275,32.464995,29.800005,31.57,61.42999,66.67,61.42999,63.48,27.85001,29.07001,23.25999,24.34801,33.22,35.92999,32.53,35.06,7.54,8.8,7.2,8.79,145.89999,151.14999,138,148.3,49.240002,54.689999,47,53,0,NaN
2013-06-02T22:00:00Z,0.30245,0.31644,0.29892,0.30039,1388.32,1423.8,1180.2,1234.8,0.00993,0.01063,0.00993,0.01006,1.29874,1.3416700000000001,1.29555,1.3010300000000001,1.5204199999999999,1.57513,1.51655,1.52084,163.83,165.99001,155.73,160.42,16.097483,16.229624,13.888205,14.161773,34.92,35.78,32.57001,34.545,436.923405,455.861802,424.020887,440.61204,35.08,36.39999,34.8,36.14999,19.524,22.05,17.65,21.472,37.95,38.07001,33.005,33.94,32.435682,33.697109,29.392828,30.155684,4.02,4.21,3.81,4.08,37.67999,38.87,35.62,37.38,268.95996,283.34009,262.94995,277.68994,54.60001,56.55,52.67,53.19,NaN,NaN,NaN,NaN,1453.5,1538,1297,1336.89,22.139,22.961,18.237,19.63,31.629995,33.74,31.155,32.754995,63.37,64.045,59.46001,61.09,24.265,25.19,22.67,24.88,35.08,36.39999,34.8,36.14999,8.78,9.64,8.2,9.25,148,156.8,116.5,121,52.209999,54.400002,42.299999,46.599998,0,NaN
2013-06-30T22:00:00Z,0.30018,0.31498,0.29518,0.31209,1232.68,1348.5,1208.5,1322.4,0.01005,0.01025,0.00985,0.01022,1.3009,1.33447,1.27552,1.33016,1.51997,1.54341,1.4813399999999999,1.52078,161.25999,169.86,160.22,168.71001,14.381769,16.333645,14.32927,16.161771,34.75,36.4299,31.02,31.84,443.654903,464.45008,438.229726,444.305559,36.36,37.97,36,37.32001,21.872,27.498002,20.9,26.856,34.00999,37.22,33.22,35.39,30.517112,38.615684,30.285684,34.926249,4.11,4.65,3.58,3.77,37.85001,39.74001,36.3,36.67999,279,313.62012,277.15991,301.21997,53.56,62.36,53.45,61.86,NaN,NaN,NaN,NaN,1334.5,1460,1312.5,1434.5,19.461,20.6,18.73,19.731,33.045,36.76,32.910005,35.6445,61.495,65.19,59.02,64.562,24.96941,38.31,24.14999,36.8,36.36,37.97,36,37.32001,9.24,10.79,8.7,10.7,123.5,130.45,106.9,111,46.799999,49.900002,41.73,43.450001,0,NaN
2013-07-31T22:00:00Z,0.31206,0.31929,0.30884,0.30937,1322.77,1433.85,1273.14,1395.2,0.0102,0.01044,0.01001,0.01016,1.33016,1.3452,1.31732,1.3221100000000001,1.52078,1.57176,1.51025,1.54961,169.99001,170.9725,163.05,163.64999,16.276866,18.347838,16.187841,17.400556,32.06,35.2,30.84,33.39999,447.934075,455.295699,423.190127,423.860696,37.66,37.92999,35.89,36.13,27,34.6,26.472,33.8,34.78999,41.72,34.16,36.75,35.219963,41.461384,34.482823,40.558518,3.81,3.87,3.25,3.27,37.03,39.45,35.75,38.50999,303.08008,306.20996,279.33008,280.97998,62.2,64.22,58.23,58.37,NaN,NaN,NaN,NaN,1434,1553,1418,1515.5,19.796,25.115,19.175,23.48,36.135,37.135,34.93,35.26,64.78,67.45,64.31,66.28,37.3,42.25999,36.0201,41.29401,37.66,37.92999,35.89,36.13,10.71,12.66,10.06,12.37,112,131.85001,111.8,122.6,44.25,46.950001,43.110001,44.990002,0,NaN
2013-09-01T22:00:00Z,0.30895,0.32566,0.3043,0.31966,1394.9,1416.4,1291.5,1327.19,0.01017,0.01026,0.00994,0.01015,1.3209300000000002,1.35687,1.31048,1.35253,1.55281,1.62023,1.55057,1.61847,165.23,173.60001,163.7,168.00999,17.6107,18.139979,15.972126,17.026769,31.75,33.75,30.95,33.28,427.59442,453.4344,427.389141,438.379771,36.46001,38.23,35.825,36.58,34.679998,38.9,31.701998,38.674,37.11,42.41,36.67999,41.17,41.061378,45.769939,40.649966,44.172807,3.32,4,3.25,3.81,38.82001,43.28999,38.03999,43.08,284.72998,320.57007,284.16992,312.63989,59.08,66.96001,58.59,65.59,NaN,NaN,NaN,NaN,1515.5,1539,1402.5,1402.5,23.48,24.484,21.215,21.535,35.85,38.9225,35.464995,38.485,66.92,70.37,66.52,67.32001,41.84,51.60001,41.44,50.23,36.46001,38.23,35.825,36.58,12.3,15.17,10.92,14.86,125.3,129.85001,116.25,123.3,45.200001,45.650002,40.400002,44.150002,0,NaN
2013-09-30T22:00:00Z,0.3197,0.33078,0.3197,0.32419,1327.6,1361.74,1251.8,1322.9,0.01018,0.01035,0.0101,0.01016,1.35253,1.38325,1.34728,1.35832,1.61847,1.62604,1.58944,1.60369,168.14,177.51,164.53,175.79,17.087481,19.258909,17.081413,18.66791,33.35001,36.28999,32.8,35.405,440.551921,521.267089,421.898835,515.789831,36.69,38.25,35.69,37.36,38.792002,38.846,30.6,31.988,40.36,42.82001,39.24001,39.9,44.967101,55.594217,40.399967,46.068525,3.82,4.13,3.04,3.34,43.14,47.21001,41.83,45.43,314.21997,368.3999,296.50244,364.03,65.82001,74.37,65.34,69.68,NaN,NaN,NaN,NaN,1400.99,1480,1363.5,1441.5,21.652,23.084,20.515,21.78,38.49,40.81,37.22625,40.525,67.39999,69.98,65.47,69.49,49.97,54.825,45.25999,50.205,36.69,38.25,35.69,37.36,14.84,15.74,13.4,15.5,123.2,125.4,117.05,124.55,44,46.709999,42.650002,43.5,0,0
2013-10-31T22:00:00Z,0.32422,0.32448,0.31766,0.32273,1322.9,1327.46,1227.05,1251.4,0.01016,0.01024,0.00974,0.00974,1.35832,1.36216,1.32951,1.35921,1.60369,1.63845,1.58543,1.63622,176.02,181.75,174.76,181,18.714981,19.940337,18.299267,19.859623,35.67,38.29,35.39,38.13,516.395418,534.51798,502.987425,530.308901,37.37,39.61,37.22,39.22,32.6,36.286,23.22,25.456,40.11,45.95,40.09,45.25,46.975667,52.542805,46.449954,52.257091,3.37,3.68,3.2,3.64,45.79,45.885,42.45,44.73,365.63,394.0999,341.88,393.62,70.11,75.85,69.78,74.5,NaN,NaN,NaN,NaN,1445.5,1469,1347.25,1357.2,21.836,22.065,19.604,19.941,40.77,41.25,39.5,40.73,69.53,73.89,66.25,73.58,50.85,52.09,43.55,47.01,37.37,39.61,37.22,39.22,15.8,17.15,15,16.75,124.7,125.8,113.1,118.45,44.450001,47.939999,43,47.900002,0,0
2013-12-01T22:00:00Z,0.32285,0.33357,0.32181,0.33053,1251.21,1267.8,1182.7,1205.25,0.00976,0.00984,0.00948,0.00949,1.35843,1.38935,1.35243,1.3778000000000001,1.63655,1.6578,1.62154,1.65714,181.09,184.69,177.32,184.69,19.928552,20.540544,19.242838,20.036409,38.09,38.98,35.53,37.41,532.270802,561.043685,525.018775,560.898544,39.29,40.83,38.3,40.4,25.27,31.6,24.7862,30.0858,45.27,50.5,44.95,50.319,52.125662,54.851374,50.285664,52.595662,3.65,3.88,3.48,3.87,45.49,54.54,44.42,52.879,399,405.63,379.5,398.79,74.4,78.81,71.16,78.2,NaN,NaN,NaN,NaN,1357.2,1398.8,1316.25,1367.75,19.941,20.479,18.693,19.446,40.745,40.8445,37.955,39.195,73.53,74.32,71.68,74.25,46.9,58.58,46.26,54.649,39.29,40.83,38.3,40.4,16.879999,17.75,15.22,17.540001,118.4,118.4,110.3,118,47.490002,48.299999,40.02,41,0,0
2013-12-31T22:00:00Z,0.33053,0.3314,0.31671,0.31671,1205.25,1279.1,1203.3,1243.94,0.00949,0.00982,0.00947,0.0098,1.3778000000000001,1.3778000000000001,1.34792,1.34887,1.65714,1.66683,1.63095,1.64339,183.98,184.94,176.88,178.18,19.845694,20.007123,17.626768,17.878554,37.35,37.89,34.63,37.84,558.270998,593.845472,541.659901,591.05777,39.87,41.86,39.45,39.73,29.96,37.2,27.3342,36.282,49.33,54.18,48.29,51.25,52.401376,58.914227,45.581383,58.475656,3.85,4.6,3.35,3.43,52.85,57.18,51.89,54.6375,398.8,408.06,357.76,358.69,77.44,78.45,72.83,76.04,NaN,NaN,NaN,NaN,1367.75,1470.5,1366.2,1372.5,19.446,20.605,19.018,19.149,39.035,39.135,35.435,35.56,73.61,75.9,70.98,74.22,54.83,63.37,51.85,62.57,39.87,41.86,39.45,39.73,17.5,18.41,16.5,18.34,118.8,119.4,104.6,109.5,41.650002,43.41,37.5,38.790001,0,0
2014-02-02T22:00:00Z,0.31741,0.33215,0.31712,0.33112,1244,1345.37,1240.81,1324.9,0.00978,0.00992,0.00972,0.00982,1.34836,1.38249,1.34771,1.37995,1.6418,1.68225,1.62519,1.6736199999999999,177.95,187.15,173.71,186.29,17.950339,19.685337,17.832125,18.794267,37.74,38.46,35.69,38.31,590.171912,615.036007,564.55709,608.41459,39.7,41.47,38.72,41.14,36.578,53,33.872,48.962,51.01,58.68,48.93,52.48,58.842798,65.398506,56.715658,63.661365,3.43,3.77,3.2915,3.71,54.8,63.49,52.96,61.7,358.98,365.865,337.73,362.1,76,82.09,74.07,79.66,NaN,NaN,NaN,NaN,1376.3,1454.7,1363.3,1440.75,19.154,22.175,19.09,21.137,35.5,37.595,34.335,35.48,73.67,76.75,72.03,75.29,63.03,71.44,60.7,68.46,39.7,41.47,38.72,41.14,18.34,18.49,16.57,17.5,109,117.45,101.4,116.9,38.889999,44.119999,37.900002,43.700001,0,0
2014-03-02T22:00:00Z,0.32866,0.33149,0.3247,0.3302,1325.75,1392.08,1281.85,1281.85,0.00984,0.00988,0.00964,0.00969,1.37592,1.3966800000000001,1.3704800000000001,1.37686,1.6711799999999999,1.67859,1.64599,1.66601,184.69,189.0239,183.75,187.01,18.693553,19.607123,18.671767,19.169267,37.92,41.5,37.495,40.99,603.960274,614.087738,551.584518,557.795537,40.88,43.66,40.5,42.86,47.452,52,40.6,41.69,51.32,53.94,47.91,49.18,63.02708,65.428506,49.982807,50.28995,3.66,4.14,3.6,4.01,61.15,65.83,60.45,64.41,358.735,383.11,330.88,336.365,78.42,82.39,74.19,76.3,NaN,NaN,NaN,NaN,1443.9,1486.5,1394.5,1412.86,21.202,21.776,19.587,19.72,35.005,39.32,35,36.69,74.62,79.72,73.04,78.86,66.96,72.59,57.98,60.24,40.88,43.66,40.5,42.86,17,17.450001,12.96,15.32,113.3,122.3,98.699997,108.9,42.259998,43.259998,39.509998,43.220001,0,0
2014-03-31T22:00:00Z,0.33016,0.33264,0.32803,0.32931,1283.92,1331.15,1268.77,1291.1,0.00966,0.00987,0.0096,0.00978,1.37686,1.39059,1.36727,1.38653,1.66601,1.69009,1.65502,1.68709,187.62,189.7,181.31,188.31,19.205695,21.408193,18.261767,21.074622,41.15,41.66,38.9,40.4,560.678331,588.3,511,534.88,43.59,43.59,39.86,40.78,41.804,47.146,36.864,41.578,48.86,50.29,44.76,48.02,50.24995,54.411374,42.785672,46.005668,4.04,4.35,3.65,4.09,64.55,65.58,57.27,63.5,338.09,348.295,288,304.13,76.43,77.89,71.93,73.93,NaN,NaN,NaN,NaN,1413.25,1468.8,1389.3,1421.6,19.724,20.388,18.957,19.125,36.82,37.49,33.965,35.31,79.42,81.66,76.77,78.71,60.46,63.91,54.66,59.78,43.59,43.59,39.86,40.78,15.56,16.1,14.21,14.99,109,117.25,104.5,109.45,43.220001,46.299999,42.110001,45.299999,0,0
2014-04-30T22:00:00Z,0.32935,0.33304,0.32637,0.32885,1291.39,1315.54,1242.4,1250.5,0.00976,0.00992,0.00971,0.0098,1.38653,1.39938,1.35861,1.36312,1.68709,1.6996499999999999,1.66927,1.67521,188.22,192.8,186.01,192.68,21.142836,23.006048,20.726051,22.60712,40.2401,40.97,38.51,40.94,534.25,577.66,511.09,571.65,40.76,42.33,39.92,42.19,41.416,43.73192,35.444,41.554,47.84,52.79,46.09,52.37,46.292811,60.248511,44.908527,59.68994,4.13,4.24,3.85,4,62.92,72,62.58,70.67,304.13,314.87,284.38,312.55,74.01,81.9,73.04,81.77,NaN,NaN,NaN,NaN,1421,1493.7,1412.9,1444.7,19.131,19.989,18.645,18.78,35.375,36.89,34.57,36.62,78.53,80.99,78.4301,80.45,60.43,64.3,56.26,63.3,40.76,42.33,39.92,42.19,14.98,15.27,13.51,15.2,110.45,118.7,109.5,115.9,45.099998,45.779999,42.18,42.18,0,0
2014-06-01T22:00:00Z,0.32885,0.33325,0.32576,0.32879,1250.5,1329.5,1240.74,1326.75,0.0098,0.00988,0.00971,0.00985,1.36354,1.36978,1.35029,1.36917,1.67675,1.71154,1.66988,1.71051,192.95,196.6,191.97,195.72,22.641406,23.7625,22.232121,23.2325,40.95,42.29,39.86,41.7,569.75,589.6,547.47,584.67,42.22,43.92,41.82,43.32,41.466,48.898,39.8502,48.012,52.45,57.17,51.73,56.38,59.925654,64.402793,58.928513,62.942794,4.03,4.5,3.9,4.19,71.21,72.5,70.06,72.07,312.59,340.7199,303.84,324.78,81.95,84.81,81.02,83.03,NaN,NaN,NaN,NaN,1444.7,1486.7,1422.1,1480.3,18.78,21.198,18.68,20.98,36.61,39.175,36.58,38.69,80.66,80.79,77.91,79.2,63.23,68,61.79,67.29,42.22,43.92,41.82,43.32,15.3,17.059999,14.89,15.24,116.7,127.4,115.75,124.45,42.290001,43.419998,40.299999,41,0,0
2014-06-30T22:00:00Z,0.32876,0.3306,0.31994,0.31994,1326.75,1345.28,1280.6,1281.7,0.00985,0.00989,0.0097,0.00973,1.36917,1.37006,1.3366900000000002,1.33901,1.71051,1.71915,1.68568,1.68826,196.19,199.06,192.97,193.09,23.38,24.86,23.1425,23.9,41.86,45.71,41.05,43.16,587.65,608.91,572.1001,579.55,43.45,43.75,41.58,42.03,48.492,48.688,42.72,44.66,56.07,57.59,53.17,53.35,65.175649,67.981361,59.788512,60.388511,4.21,4.8,3.67,3.91,72.48,76.44,68.8,69.38,325.86,364.85,311.86,312.99,83.29,84.67,79.56,80.22,NaN,NaN,NaN,NaN,1483.7,1518.7,1457,1457,20.98,21.57,20.26,20.36,38.945,40.32,38.56,38.84,79.35,81.97,73.65,73.72,67.58,76.74,62.21,72.65,43.45,43.75,41.58,42.03,15.25,15.76,14.29,15.3,125,132.5,120.15,128.35001,41,43.360001,37,37,0,0
2014-07-31T22:00:00Z,0.31994,0.32178,0.31095,0.31095,1282.54,1322.69,1273.09,1287.01,0.0097,0.00985,0.00958,0.00958,1.33901,1.3444800000000001,1.31315,1.31318,1.68826,1.68929,1.6535,1.6595,192.56,200.82,190.55,200.71,23.725,25.725,23.32,25.625,43.21,45.47,42.21,45.43,578.555,597.81,567.45,582.36,41.85,42.61,40.58,42.28,45.218,54.4,45.2,53.94,53.36,58.53,51.88,53.64,60.251368,69.328502,58.929941,68.234217,3.91,4.32,3.87,4.17,69.92,84.8,68.71,82.09,313.69,346.67,304.588,339.04,79.85,81.27,77.7,81.13,NaN,NaN,NaN,NaN,1458.7,1484.6,1411.1,1419.5,20.343,20.548,19.31,19.45,38.75,39.235,38.08,38.905,73.67,77.31,71.82,76.1,72.22,75.99,71.55,74.82,41.85,42.61,40.58,42.28,15.24,16.25,13.9,15.5,129,139.55,126.1,131.8,37,41.110001,36.16,39.43,0,0
2014-08-31T22:00:00Z,0.31171,0.31371,0.30165,0.30165,1287.01,1289.95,1204.7,1208.5,0.00958,0.00961,0.0091,0.00912,1.31284,1.316,1.2571,1.26269,1.65921,1.66439,1.60516,1.62119,200.97,201.899,196.05,197.02,25.765,25.935,24.035,25.1875,45.43,47.57,44.53,46.36,582.95,605.4,577.01,588.41,42.34,43.58,41.44,41.83,55.1,58.284,48.02498,48.536,53.955,55.98,52.69,55.1,68.357075,69.89803,62.697094,64.454221,4.16,4.25,3.4,3.41,82.97,90.88,82.3956,87,339.98,349.38,317.64,322.44,81.18,87.28,81.17,84.45,NaN,NaN,NaN,NaN,1419.5,1426.9,1291.5,1291.5,19.45,19.538,16.882,16.95,38.85,38.99,36.89,37.73,75.92,77,74.11,74.77,75.01,79.7067,73.07,79.04,42.34,43.58,41.44,41.83,15.53,17.23,15.4,16.59,133.35001,137.95,122.8,126.5,39.43,43.73,39.43,41.25,0,0
2014-09-30T22:00:00Z,0.3016,0.30563,0.2956,0.2956,1208.5,1255.25,1161.37,1172.59,0.0091,0.0095,0.00888,0.00888,1.26269,1.28872,1.2485600000000001,1.2519500000000001,1.62119,1.62519,1.58745,1.5994599999999999,196.7,201.82,181.92,201.66,25.1475,27.01,23.795,27,46.27,46.97,42.1,46.95,586.8,592.4,518.41,567.87,41.86,42.6,38.1,42.6,48.44,53.108,43.464,48.34,53.48,58.75,48.38,57.54,64.098507,66.855647,47.285667,56.109944,3.39,3.46,2.54,2.8,87.12,87.92,68.7501,86.25,322.04,325.16,284,305.46,84.33,90.75,73.96,90.48,NaN,NaN,NaN,NaN,1290,1301.9,1189.8,1232,16.954,17.808,15.779,16.13,37.84,38.8325,35.385,37.78,74.64,78.53,69.36,78.51,78.78,81.16,70.32,74.99,41.86,42.6,38.1,42.6,16.690001,16.99,15.31,16.700001,126.5,131.39999,121,129.89999,41.360001,42.900002,39.900002,41.93,0,0
2014-11-02T22:00:00Z,0.29548,0.2993,0.2926,0.29711,1172.59,1207.85,1132.08,1167.23,0.00888,0.00889,0.00841,0.00843,1.25045,1.26004,1.23578,1.245,1.59605,1.60228,1.55895,1.56517,201.92,207.87,200.06,207.2,27.055,29.9375,26.93,29.7325,46.89,50.045,46.73,47.81,563.53,567.15,539.19,549.08,42.39,44.68,42.39,44.2,48.6,51.998,45.7,48.904,57.77,63,57.37,62,56.175658,56.502801,49.142808,49.512808,2.81,2.905,2.59,2.79,86.44,94.4334,83.5,93.4,306.24,341.26,292.29,338.64,90.83,93.94,89.15,93.46,NaN,NaN,NaN,NaN,1233.3,1243.5,1179.6,1198.6,16.13,16.725,15.078,15.43,37.985,40.82,37.735,40.605,78.31,78.53,67.67,72.9,75.47,78.27,72.51,77.7,42.39,44.68,42.39,44.2,16.6,18.219999,16.110001,17.530001,129.39999,129.95,121.8,122.9,41.75,46.07,41.75,45.169998,0,0
2014-11-30T22:00:00Z,0.2972,0.29886,0.27749,0.28175,1167.23,1238.3,1143.01,1184.02,0.00841,0.00865,0.00821,0.00835,1.24641,1.2569700000000001,1.20973,1.20992,1.56483,1.57859,1.54855,1.55749,206.4,212.97,197.86,205.54,29.7025,29.8125,26.565,27.595,47.88,49.06,44.9,46.45,545.09,548.79,497.19,530.66,44.15,46.1,43.02,44.95,48.232,48.494,38.53,44.482,61.72,61.97,56.12,60.06,49.285665,51.135663,45.077169,48.80138,2.77,2.82,2.35,2.67,93.05,105,89.72,100.59,338.12,340.64,293.03,310.35,93.37,93.94,86.54,88.98,NaN,NaN,NaN,NaN,1198.6,1254.2,1178,1205.5,15.43,17.314,14.153,15.69,40.5,42.1,39.22,41.025,72.46,75.72,69.59,74.33,77.26,82.17,74.4,78.02,44.15,46.1,43.02,44.95,17.530001,18.379999,15.6,16.700001,121.95,121.95,105.8,108.85,45,49.73,44.990002,48.919998,0,0
2014-12-31T22:00:00Z,0.28175,0.28259,0.2643,0.26921,1184.06,1307.59,1167.72,1283.09,0.00832,0.00863,0.00828,0.0085,1.20992,1.20992,1.10971,1.12771,1.55749,1.55749,1.49512,1.50495,206.38,206.88,198.55,199.45,27.8475,30,26.1575,29.29,46.66,47.91,40.35,40.4,532.6,545.41,490.91,537.55,45.43,45.49,40.7,41.91,44.574,44.65,37,40.72,60.06,60.49,53.89,54.005,49.151379,65.339935,45.26424,63.114223,2.7,2.84,2.14,2.57,100.93,108.34,95.18,102.88,312.58,359.5,285.25,354.53,89.78,92.63,85.06,89.44,NaN,NaN,NaN,NaN,1206,1288.34,1188.1,1237.9,15.685,18.48,15.544,17.219,41.065,44.795,39.28,43.765,74.51,75.3,62.39,62.46,78.58,79.2455,73.54,75.91,45.43,45.49,40.7,41.91,17.09,17.09,15.8,16.200001,109,114,99.160004,105.35,48.919998,55.84,47.349998,54.849998,0,0
2015-02-01T22:00:00Z,0.26926,0.27566,0.26793,0.26931,1283.18,1285.8,1190.7,1212.96,0.00848,0.00857,0.008274,0.008354,1.13108,1.15338,1.11757,1.11905,1.5097,1.55524,1.49881,1.5431,200.05,212.24,197.86,210.66,29.5125,33.4,29.02,32.115,40.59,44.3,40.23,43.85,534.32,569.42,521.72,562.63,42.2,45.26,41.68,44.61,40.794,45.096,38.656,40.668,54.34,65,53.02,64.24,62.842794,69.499788,61.955652,67.844218,2.69,3.37,2.65,3.11,103.25,129.89,99.16,127.62,350.05,389.37,350.01,380.16,89.06,105.66,87.87,103.1,NaN,NaN,NaN,NaN,1237.9,1257.06,1156.11,1187,17.23,17.74,16.11,16.563,43.84,47.415,42.93,46.7425,62.49,72.57,62.26,72.51,76.11,81.37,73.45,78.97,42.2,45.26,41.68,44.61,16.450001,17.799999,15.9,17.65,106.1,123.3,106,121,54.610001,56.700001,52.709999,54.610001,0,0
2015-03-01T22:00:00Z,0.26935,0.26984,0.25204,0.26314,1213.01,1223.3,1142.97,1183.3,0.008337,0.008449,0.008198,0.008329,1.11819,1.12405,1.04624,1.07314,1.54158,1.54287,1.46346,1.48145,210.78,212.06,204.12,206.43,32.3125,32.57,30.4075,31.1075,43.67,44.19,40.54,40.655,567,583.2,550.33,554.7,44.56,45.46,42.71,43.67,40.54,41.238,36.28,37.754,64.05,64.72,58.36,58.64,67.714218,68.607074,58.572799,59.527083,3.13,3.23,2.53,2.68,127.21,136.28,116.96,126.98,380.85,388.4182,365.65,372.1,103.34,109.13,100.79,103.4,NaN,NaN,NaN,NaN,1183.9,1196.26,1089.22,1136.35,16.566,17.405,15.301,16.609,46.665,49.6,45.61,47.35,71.8,74.09,65.68,69.34,79,86.0699,77.26,82.215,44.56,45.46,42.71,43.67,17.65,19.799999,17.49,19.68,121,122.6,113.3,120,54.689999,59.59,52.450001,59.25,0,0
2015-03-31T22:00:00Z,0.26315,0.27832,0.26238,0.27693,1183.25,1224.23,1175.38,1183.97,0.008327,0.008436,0.008276,0.00837,1.07314,1.1266100000000001,1.05203,1.12236,1.48145,1.54987,1.45658,1.5351299999999999,206.39,212.48,204.51,208.46,31.205,33.635,30.775,31.2875,40.6,49.54,40.12,48.64,554.83,584.7,529,548.77,43.54,44.18,42.12,42.87,37.74,47.75,37.21,45.21,57.68,63.21,56.38,56.83,59.642798,82.304203,58.464227,79.499921,2.66,2.94,2.25,2.26,126.66,128,114.56,116.88,372.1,452.65,368.34,421.78,103.16,107.9,101.57,104.3,NaN,NaN,NaN,NaN,1137.5,1186.99,1118.82,1140,16.609,17.323,15.617,16.109,47.14,52.09,46.28,49.58,68.47,71.9,66.18,68,82.5,85.59,78.32,78.77,43.54,44.18,42.12,42.87,19.690001,21.68,19.51,20.690001,119.5,126.45,116.2,126.45,58.599998,70.099998,58.599998,68.480003,0,0
2015-04-30T22:00:00Z,0.27696,0.28303,0.26168,0.26687,1184.21,1232.41,1170.5,1190,0.008371,0.00841,0.008036,0.008052,1.12236,1.14667,1.0819100000000001,1.09912,1.5351299999999999,1.58148,1.50889,1.52896,209.4,213.78,206.76,211.14,31.525,33.2425,30.84,32.57,48.58,48.905,46.02,46.86,550.51,558.24,532.235,545.32,43,44.73,42.76,43.11,45.988,50.57354,44.05,50.16,57.11,59.42,54.14,54.15,79.855634,90.205624,78.894207,89.151339,2.26,2.39,2.2,2.28,117.92,149.24,115.39,148.07,423.82,439,414.55,429.23,104.98,108.14,103.35,103.75,NaN,NaN,NaN,NaN,1140.4,1178.89,1105.5,1105.5,16.109,17.772,15.921,16.729,49.95,52.23,48.57,51.96,68.31,71.318,67.5,69.68,79.24,81.845,76.79,79.19,43,44.73,42.76,43.11,20.75,25.889999,20.299999,24.24,126.7,131.35001,115.2,115.2,68.900002,73.690002,64.629997,70.650002,0,0
2015-05-31T22:00:00Z,0.26687,0.27377,0.26206,0.26533,1189.78,1205.76,1162.98,1172.75,0.008053,0.008196,0.007948,0.008168,1.09793,1.14362,1.08871,1.11415,1.52908,1.59301,1.51702,1.57132,211.94,213.34,205.28,205.85,32.8,32.8475,31.12,31.35625,47.06,47.77,43.94,44.15,548.73,565.61,538.8506,540.04,43.25,45.29,42.7,43.4,50.282,54.282,49.136,53.652,54.39,55.33,49.84,50.075,88.837054,100.891328,87.944198,93.848478,2.29,2.67,2.25,2.4,148.24,150.5,131.04,132.93,430.4,447.04,419.14,434.09,104.45,106.35,100.44,100.45,NaN,NaN,NaN,NaN,1104.5,1123.56,1056,1075.5,16.729,17.176,15.504,15.699,51.96,54.75,51.1,53.615,69.51,70.05,62.45,62.63,79.3,89.4,78.66,85.765,43.25,45.29,42.7,43.4,24,25.790001,19.66,23.780001,115.4,118.75,105.1,106.55,70.650002,74.169998,67,73.830002,0,0
2015-06-30T22:00:00Z,0.26535,0.26935,0.26002,0.26642,1172.99,1175.07,1073.53,1095.01,0.008167,0.008303,0.008029,0.008069,1.11415,1.1216000000000002,1.08081,1.09817,1.57132,1.57321,1.53301,1.56156,207.73,213.18,204.11,210.5,31.725,33.2425,29.805,30.325,44.46,47.4,43.32,46.7,543.66,713.33,539.76,657.5,43.92,46.26,42.645,45.21,54.222,57.33,50.158,53.23,50.59,53.77,49.5,50.58,94.805619,117.88,92.284193,114.31,2.47,2.63,1.61,1.93,134.41,137.75,123.52,125.14,439.35,580.57,425.57,536.15,101.31,107.5,97.38,101.75,38,42.55,33.9805,38.7,1077.5,1089.93,949.15,981.5,15.699,15.904,14.39,14.769,53.86,59.31,53.3101,57.93,63.1,66.05,60.83,64.39,86.77,99.24,85.231,94.01,43.92,46.26,42.645,45.21,23.889999,26.93,23.629999,26.5,107,107.45,84.519997,95,73.830002,79.550003,70.07,76.139999,0,0
2015-08-02T22:00:00Z,0.26642,0.27423,0.2597,0.26442,1095.3,1170.13,1081.21,1134.35,0.008058,0.008589,0.007983,0.008247,1.0972600000000001,1.1714,1.0848,1.1209200000000001,1.56285,1.58191,1.53351,1.53418,210.46,211.31,182.4,197.67,30.375,30.6425,23,28.19,46.98,48.41,39.72,43.52,657.66,704,593.09,647.82,45.13,46.02,38.805,42.35,53.258,54.2,39,49.812,52.99,55.41,46.26,46.75,114.6,129.29,85.5,115.03,1.93,2.21,1.65,1.81,126.42,128.04,100,125.97,537.45,542.74,451,512.89,101.67,106.61,90.5,96.99,39.25,39.91,30,35,981.9,1037.91,946.05,1004.5,14.769,15.66,13.989,14.629,58.62,59.3198,42.05,54.71,64.35,64.82,52.59,56.58,93.53,98.74,72,89.43,45.13,46.02,38.805,42.35,26.700001,28.08,22.01,24.299999,94,96.800003,69.199997,78.529999,75.440002,85.879997,71.010002,73.830002,0,0
2015-08-31T22:00:00Z,0.2645,0.27223,0.26262,0.26262,1134.29,1156.72,1098.96,1114.55,0.008245,0.008418,0.008245,0.008341,1.1209200000000001,1.14603,1.1087200000000001,1.11756,1.53418,1.5659,1.5107599999999999,1.51265,193.12,202.89,186.93,191.63,27.5375,29.2225,26.84,27.575,42.17,45,41.66,44.26,633.81,681.99,617.84,638.37,41.34,42.69,40,41.01,48.068,54.314,47.394,49.68,45.72,47.93,43.9,44.14,109.35,111.24,93.55,103.26,1.77,2.14,1.65,1.72,121.52,134.95,118.0571,125.01,499.14,549.78,490.5,511.89,94.47,97.3,84.6435,86.5,34.15,35.46,30.3,31.04,1006,1022.37,900.46,901.75,14.629,15.431,14.3,14.489,53,58.96,52.74,56.84,55.25,56.76,52.17,53.73,86.85,96.49,85.72,89.9,41.34,42.69,40,41.01,24.299999,27.1,23.790001,26.93,77.440002,90.489998,72.400002,81.949997,72.940002,74.349998,64.800003,66.199997,0,0
2015-09-30T22:00:00Z,0.26263,0.27133,0.25448,0.25867,1115.16,1191.57,1104.79,1141.59,0.008339,0.008469,0.008228,0.008293,1.11756,1.14952,1.08969,1.10009,1.51265,1.5508899999999999,1.5107,1.54213,192.08,209.44,189.12,207.93,27.2675,30.305,26.8275,29.875,44.75,54.37,43.75,52.64,637.94,752.5,631.115,737.39,41.02,43.23,39.275,42.18,49.502,49.968,40.4,41.386,43.68,55.82,42.06,55.19,102.91,115.83,96.26,108.38,1.77,2.21,1.72,2.12,123.11,129.84,111.53,123.13,511,630.72,506,625.9,86.44,96.21,86.1,92.64,30.82,36.65,30.75,36.01,904,1024.84,893.53,983.3,14.489,16.357,14.408,15.539,56.99,64,55.89,62.57,53.6,61.19,53,59.42,90.05,105.12,88.36,101.97,41.02,43.23,39.275,42.18,26.959999,27.5,25.83,26.6,83.400002,100,78.120003,89.860001,66.5,68.529999,61.419998,62.77,0,0
2015-11-01T22:00:00Z,0.25737,0.25953,0.24689,0.24689,1141.83,1142.99,1052.95,1064.6,0.00828,0.008314,0.008086,0.008121,1.10359,1.10532,1.05579,1.05629,1.5447,1.5497,1.49937,1.50555,208.32,211.66,202.18,208.69,29.9675,30.955,27.75,29.575,52.85,54.98,52.53,54.35,737.88,782.9,731.45,762.85,42.24,44.41,42.23,43.89,41.784,46.91686,41.16,46.052,55.51,63.92,55.16,63.47,109.2,126.6,101.86,123.33,2.13,2.4,1.94,2.36,123.66,130.7,115.21,130.45,627.13,682.77,620.41,664.8,93.14,98.78,91.45,96.47,35.58,38.52,34.5,35.26,983.3,984.41,826.5,830.4,15.539,15.561,13.923,14.07,63.01,63.19,59.5,61.39,59.7,61.18,47.52,48.79,102.46,110.65,100.47,104.24,42.24,44.41,42.23,43.89,26.950001,27.17,21.33,22.59,90.25,95.959999,71.699997,72.300003,62.779999,70.169998,62.5,67.93,0,0
2015-11-30T22:00:00Z,0.2469,0.25862,0.2469,0.25433,1064.6,1088.9,1046.54,1061.19,0.008121,0.008332,0.008088,0.008305,1.05629,1.10596,1.05168,1.08632,1.50555,1.524,1.47314,1.4733,209.44,211,199.83,203.87,29.6875,29.965,26.205,26.315,54.41,56.85,53.68,55.48,766.94,798.69,736.26,778.01,44.14,44.58,41.84,42.67,46.212,48.7268,42.974,48.002,63.58,65.78,59.48,60.93,124.47,133.27,113.85,114.38,2.36,3.06,2.2,2.87,131.17,149.72,130.91,145.15,673.75,696.44,635.27,675.89,97.25,101.27,92.26,98.58,35.41,37.68,33.85,36.2,830.4,893.92,825.78,886,14.04,14.641,13.653,13.839,61.08,62.539,58.27,60.03,48.75,53.44,45.93,49.985,104.83,107.92,101.46,104.66,44.14,44.58,41.84,42.67,22.700001,23.950001,22.02,22.15,73.5,74.18,56.849998,63.490002,68.449997,69.889999,62.200001,67.849998,0,0
2015-12-31T22:00:00Z,0.25473,0.25473,0.24112,0.24457,1061.97,1128.08,1061.2,1118.12,0.008314,0.008621,0.00822,0.008254,1.0873300000000001,1.0984500000000001,1.0710600000000001,1.08292,1.47328,1.4816,1.40791,1.42426,200.49,201.9,181.02,193.7208,25.6525,26.4625,23.0975,24.335,54.32,55.39,49.1,55.09,762.2,769.2,687.78,761.35,41.75,41.82,37.97,40.06,46.144,46.276,36.482,38.24,60.01,60.8,45.035,46.82,109,122.18,90.11,91.84,2.77,2.82,1.75,2.2,142.07,143.3,117.17,133.71,656.29,657.715,547.18,587,96.56,96.64,79.64,85.02,35.13,36.26,30.52,36.14,885.83,898.4,811.57,869.5,13.839,14.567,13.755,14.23,58.77,60.88,54.94,60.77,49.43,50.6,43.47,45.34,101.95,112.84,89.37,112.21,41.75,41.82,37.97,40.06,22.15,23.5,20.110001,23.09,60,61.099998,51,57.5,66,67.419998,60.150002,62.25,0,0
2016-01-31T22:00:00Z,0.2446,0.25666,0.24456,0.24963,1117.93,1263.37,1115.58,1238.36,0.008253,0.009008,0.008233,0.008873,1.08312,1.13764,1.0815000000000001,1.08725,1.42489,1.46688,1.38354,1.39117,192.53,196.68,181.09,193.56,24.1175,24.7225,23.1475,24.1725,54.88,55.09,48.19,50.88,771.26,810.35,682.01,717.22,39.89,40.71,37.07,38.52,37.752,39.904,28.21,38.386,46.65,52.58,41.6,51.74,91.79,97.48,79.95,93.41,2.17,2.19,1.81,2.14,133.34,138.69,114.25,133.97,578.15,581.8,474,552.52,84.17,90.86,78.55,89.74,35.65,38.93,31.64,38.14,869.5,967.25,851.58,932,14.24,15.949,14.212,14.887,60.66,61.785,52.63,58.21,44.71,52,42.24,50.79,112.27,117.59,96.82,106.92,39.89,40.71,37.07,38.52,23.309999,23.68,20.76,23,57,69.830002,55.799999,67.940002,62.490002,64.790001,56.5,63.919998,0,0
2016-02-29T22:00:00Z,0.24948,0.26822,0.24948,0.26785,1238.4,1284.53,1208.08,1232.15,0.008872,0.009034,0.008731,0.008883,1.08725,1.14117,1.08217,1.1376300000000001,1.39117,1.45145,1.3904,1.43587,195.01,206.87,194.4542,205.52,24.4125,27.605,24.355,27.2475,50.97,55.64,50.58,55.23,721.3,777.31,704,762.9,38.69,41.54,38.69,40.59,38.85,47.976,36.3,45.954,52.4,59.34,52.12,58.31,94.58,104.91,93.61,102.23,2.16,2.98,2.12,2.85,135.37,157.37,134.3,154.5,556.29,603.24,538.58,593.64,90.5,99.85,90.25,98.98,38.52,41.75,37,38.6,932,1008.72,930.75,972.5,14.887,16.135,14.731,15.419,58.77,60.45,56.57,59.7,51.08,53.52,49.67,51.14,107.83,116.99,104.4,114.1,38.69,41.54,38.69,40.59,22.860001,26.049999,22.74,25.700001,68.129997,79.300003,66.110001,76.099998,63.919998,73.900002,61.060001,73.900002,0,0
2016-03-31T22:00:00Z,0.26775,0.26937,0.25495,0.26149,1232.1,1296.72,1209.13,1292.77,0.008883,0.009407,0.008883,0.009402,1.1376300000000001,1.14646,1.1215000000000002,1.14453,1.43587,1.467,1.40053,1.4606999999999999,204.35,210.92,203.09,206.3308,27.195,28.0975,23.1275,23.435,55.05,56.77,49.35,49.87,757.16,790.95,703.2,707.88,40.31,43.94,38.83,42.69,48.965,53.868,46.65,48.152,56.57,62.42,55.072,59.82,102.93,111.85,88.21,90.03,2.79,3.99,2.6,3.55,154.04,159.65,143.25,145.75,590.49,669.98,585.25,659.59,97.75,109.27,95.83,106.85,38.51,41.49,37.34,39.18,971.05,1079.96,935.75,1074.5,15.419,17.957,14.795,17.809,59.61,61.64,55.29,56.23,51.08,53.28,49.725,50.52,113.75,120.79,106.31,117.58,40.31,43.94,38.83,42.69,25.6,26.190001,25.030001,25.450001,75.800003,78.120003,66.629997,74.360001,73.029999,73.839996,67.910004,68.75,0,0
2016-05-01T22:00:00Z,0.2609,0.26479,0.25109,0.25336,1292.72,1303.76,1199.8,1214.95,0.009399,0.009472,0.008977,0.009028,1.1457300000000001,1.1616300000000002,1.10978,1.113,1.4581,1.47696,1.43323,1.448,206.92,210.69,202.78,209.84,23.49125,25.1825,22.3675,24.965,50,53,49.46,53,711.92,753.48,704.05,748.85,43.02,43.23,40.57,42.82,48.3,48.638,40.73144,44.646,60,61.42,55.35,58.27,90.41,104,85.74,102.57,3.58,4.71,3.45,4.57,146.16,154.95,139.18,154.36,663.92,724.23,656,722.79,107.59,112.75,97.65,111.81,39.07,40.3143,37.31,37.79,1075,1089.4,964.5,975,17.809,18.009,15.911,15.969,56.29,57.6,54.19,54.89,50.69,56.27,50.13,54.92,117.83,121.08,115.88,118.81,43.02,43.23,40.57,42.82,25.42,28.16,23.93,26.84,74.269997,74.510002,60.310001,60.310001,69.150002,71,65,69.18,0,0
2016-05-31T22:00:00Z,0.25322,0.26374,0.24303,0.25322,1215.18,1358.8,1206.14,1321.49,0.009029,0.010051,0.009025,0.009679,1.113,1.14279,1.09115,1.11064,1.448,1.50186,1.31191,1.33078,209.12,212.52,198.65,209.475,24.755,24.9975,22.875,23.9,52.44,52.95,48.035,51.17,748.47,751.37,672.66,703.53,42.45,43.15,38.475,40.33,44.296,48.169,37.574,42.456,57.97,59.07,49.82,54.14,101.5,102.15,84.81,91.48,4.6,5.52,4.07,5.14,153.41,166,142.27,155.4,720.9,731.5,682.115,715.62,111.02,111.04,99.15,107.26,37.81,38.685,34,36.51,974.2,1028.81,952,1017.5,15.969,18.81,15.827,18.699,54.76,57.19,53.41,57.12,54.5,55.57,50.84,53.57,118.5,119.44,108.23,114.28,42.45,43.15,38.475,40.33,26.84,27.85,24.5,27.4,59.860001,66.199997,55.77,66,69.5,72.550003,59,69.050003,0,0
2016-06-30T22:00:00Z,0.25342,0.25639,0.24844,0.25598,1321.64,1375.15,1311,1350.57,0.009667,0.009985,0.009306,0.009795,1.11064,1.11976,1.09519,1.11673,1.33078,1.34805,1.27893,1.32227,209.36,217.54,207.06,217.12,23.8725,26.1375,23.5925,26.0525,51.13,57.29,50.39,56.68,705.1,803.94,699,791.34,40.15,42.5,38.63,42.17,41.228,47.056,41.2,46.958,54.12,60.25,51.89,59.45,95,101.27,84.5,91.25,5.09,7.1599,4.82,6.86,154.47,167.6,147.16,161.98,717.32,766,716.54,758.81,107.11,122.71,104.75,122.2,36.6,40.45,35.715,37.24,1019.56,1158.19,1019.56,1143,18.699,21.132,18.699,20.299,57.04,58.84,56.06,58.05,52.99,62.82,51.16,62.58,114.2,128.33,112.97,123.94,40.15,42.5,38.63,42.17,27.58,34.84,27,34.799999,66.5,80.650002,65.699997,78.550003,69.559998,69.650002,61.299999,62.450001,0,0
2016-07-31T22:00:00Z,0.25598,0.2644,0.25509,0.2552,1350.8,1367.3,1304.38,1308.76,0.009793,0.010043,0.009661,0.009673,1.11697,1.13663,1.10457,1.11566,1.3238,1.33715,1.28654,1.31357,217.19,219.6,214.25,217.38,26.1025,27.5575,26,26.525,56.6,58.7,56.14,57.46,786.67,813.879,785.04,789.85,42.15,44.23,41.125,44.15,47.1,47.326,41.73,42.402,59.33,69.21,56.7989,67.4,91.23,98.85,90.5,97.45,6.89,8,6.15,7.4,162.78,179.42,161.2803,176.42,759.87,774.98,750.35,769.16,122.21,124.55,119,123.54,37.43,38.65,36.28,37.15,1143.5,1194.04,1047.5,1047.5,20.299,20.779,18.398,18.612,58,58.05,54.85,56.23,62.37,63.69,60.02,63.07,123.85,126.73,122.07,126.12,42.15,44.23,41.125,44.15,34.799999,42.91,31.809999,42.5,79.040001,80.239998,71.800003,73.25,62.799999,67.790001,61.32,65,0,0
2016-08-31T22:00:00Z,0.25521,0.26258,0.25416,0.26092,1309.49,1352.61,1302.61,1315.55,0.009672,0.009988,0.009589,0.009865,1.11566,1.1327,1.11229,1.12339,1.31357,1.34451,1.29149,1.29719,217.37,219.22,212.31,216.3,26.535,29.045,25.6325,28.2625,57.01,58.19,55.61,57.6,791.98,819.06,783.5,804.06,44.25,44.26,42.17,42.89,41.802,42.21998,38.69,40.806,67.42,72.8,65.06,72.33,97.81,100.35,93.26,98.55,7.18,7.64,5.66,6.91,176.88,177.67,158.7501,172.52,770.9,839.95,756,837.31,123.52,128.4,120.95,126.56,37.27,41.3,36.3,40.97,1045.6,1106.32,1009.7,1021,18.609,20.129,18.597,19.146,56.3,56.65,52.9,54.14,62.87,70.4,59.93,68.5,126.38,131.98,125.6,128.27,44.25,44.26,42.17,42.89,42.549999,44.5,38.25,39.860001,74.199997,79.07,68.949997,74.5,64.919998,68.150002,62,65.010002,0,0
2016-10-02T22:00:00Z,0.26072,0.26151,0.25054,0.25435,1315.5,1319.62,1241.5,1276.75,0.009792,0.009879,0.009479,0.009543,1.12279,1.12447,1.08509,1.09798,1.29159,1.29466,1.19048,1.22422,215.82,216.7,211.21,212.55,28.1775,29.6725,28.07,28.385,57.405,61.3699,56.315,59.92,802.55,839,796.23,809.9,42.69,45.14,42.37,44.76,42.46,43.13376,38.4,39.546,71.15,73.4,68.4,72.28,98,129.29,97.63,124.87,6.95,7.53,6.24,7.23,173.01,177,166.8,170.28,836,847.21,774.61,789.82,126.06,127.02,120.95,121.85,40.87,44.52,38.75,41.66,1022,1029.93,926.4,977.5,19.149,19.315,17.11,17.879,54.1,54.46,52.59,53.07,68.08,71.62,64.3,68.72,128.38,133.5,126.75,130.99,42.69,45.14,42.37,44.76,40.650002,41.299999,38.299999,39.880001,74.5,75.489998,67.610001,71.080002,65.370003,78.199997,64.650002,77.800003,0,0
2016-10-31T22:00:00Z,0.25436,0.2593,0.23726,0.23726,1276.86,1337.34,1170.83,1172.89,0.009542,0.00988,0.008733,0.008734,1.09798,1.12994,1.0518,1.05868,1.22422,1.26738,1.22055,1.25061,212.93,221.82,208.38,220.38,28.365,28.4425,26.02,27.63,59.97,61.41,57.28,60.26,810.87,816.04,743.59,775.88,44.88,49.77,43.825,49.62,39.608,39.87,35.638,37.88,72.4,78.58,67.15,72.61,124.98,125.83,110.68,117,7.32,9.23,6.22,8.91,170.72,178.02,163.02,170.49,799,800.84,710.1,750.57,122.23,127.68,118.13,118.99,41.68,42.295,38.45,39.28,978.98,1020.18,903,907,17.879,18.995,16.179,16.465,53.14,58.25,50.84,57.97,69,69.35,64.32,68.13,131.41,131.94,113.5535,118.42,44.88,49.77,43.825,49.62,39.889999,49.939999,38.32,47.709999,70.730003,91,68.339996,87.360001,77.699997,78.900002,71.150002,76.449997,0,0
2016-11-30T22:00:00Z,0.23726,0.24293,0.23429,0.23826,1173.2,1188.1,1122.81,1150.62,0.008734,0.008856,0.00843,0.008538,1.05868,1.08734,1.03522,1.0517400000000001,1.25061,1.2774699999999999,1.22005,1.23299,220.73,228.34,219.15,223.53,27.59125,29.50415,27.0625,28.955,60.11,64.1,58.8,62.14,778.55,824.3,753.36,792.45,49.81,52.68,49.63,51.37,37.65,44.76,36,42.738,72.77,83.08,68.06,74.01,117.52,129.07,113.95,123.8,8.92,12.42,8.26,11.34,170.01,183.99,160.62,176.77,752.41,782.46,736.7,749.87,119.4,119.67,107.21,107.54,39.56,40.74,38.06,39.47,907,952.15,890.37,901.74,16.471,17.235,15.64,15.878,57.34,59.54,55.4,55.52,67.72,70.24,63.78,65.2,118.38,122.5,114,115.05,49.81,52.68,49.63,51.37,48.060001,54.5,47.66,52.200001,88.68,98.769997,85,92.480003,77.5,87.639999,75.639999,85.300003,0,0
2017-01-01T22:00:00Z,0.23821,0.24952,0.23632,0.24928,1151.49,1220.12,1146.23,1210.47,0.008553,0.008919,0.008433,0.008864,1.05155,1.08122,1.03401,1.0796999999999999,1.23299,1.26736,1.1985999999999999,1.25758,225.04,229.71,223.8837,227.53,28.95,30.61,28.69,30.3375,62.79,65.91,61.95,64.65,800.62,867,796.89,820.19,51.62,53.14,49.99,52.65,42.972,51.692,42.192,50.386,74.61,83.96,74.5,81.34,124.96,143.46,124.31,140.71,11.42,11.69,9.42,10.37,178.29,205.79,173.31,199.5,757.92,843.84,747.7,823.48,108.41,122.21,107.87,120.18,40.29,42.5,39.42,39.78,900,1004.97,900,992.79,15.894,17.614,15.889,17.52,55.91,59,54.88,55.22,65.86,67.08,52.83,53.43,116.03,133.14,115.51,130.32,51.62,53.14,49.99,52.65,52.41,60.5,51.400002,58.650002,93.5,126.5,93.07,123.9,86,89.690002,80.699997,81.18,0,0
2017-01-31T22:00:00Z,0.24936,0.25087,0.2442,0.24514,1210.52,1263.87,1198.39,1248.22,0.008865,0.008958,0.008701,0.008867,1.0796999999999999,1.08287,1.04935,1.05761,1.25758,1.2706,1.23464,1.23816,228.255,237.31,226.82,236.47,31.7575,34.37,31.7525,34.2475,64.355,65.24,62.75,63.98,824,853.79,812.051,844.93,53.16,55.51,52.53,55,50.61,57.478,48.402,49.998,81.09,87.9462,80.04,86.3,141.2,145.95,139.05,142.13,10.9,15.55,10.81,14.46,202.25,215.955,200.21,210.93,829.21,860.86,803,845.04,120.67,131.26,118.795,129.47,39.96,43.07,39.02,42,992.87,1044.72,985.77,1021.78,17.536,18.485,17.28,18.285,55.49,57.85,53.81,56.87,53.64,57.305,52.37,56.48,132.25,137.1846,130.3,135.54,53.16,55.51,52.53,55,58.900002,77.760002,57.619999,70.449997,125.45,136,122.8,129,81.989998,96.690002,81.279999,94.199997,0,0
2017-02-28T22:00:00Z,0.24512,0.25638,0.24389,0.2518,1248.24,1261.01,1195.13,1248.78,0.008865,0.00908,0.008659,0.008975,1.05761,1.09057,1.04947,1.06567,1.23816,1.26151,1.21088,1.25463,238.39,240.32,231.61,235.74,34.4725,36.125,34.2625,35.915,64.13,66.19,63.62,65.86,851.38,874.42,824.3,847.8,55.87,56.61,51.05,51.5,50.836,56.4,48.5562,55.66,87.38,89.18,81.75,86.47,142.84,148.29,138.26,147.81,15.08,15.09,12.38,14.55,213.07,227.75,210.56,218.96,853.05,890.35,833.5,886.54,131.1,133.08,127.28,130.74,42.31,43.8,41.74,43.02,1020.5,1027.4,932.56,947.81,18.29,18.46,16.839,18.249,57.27,58.66,54.09,58.39,56.93,59.04,56,57.34,136.47,142.95,136.08,142.05,55.87,56.61,51.05,51.5,71,77.400002,68.610001,74.199997,131.55,132.39999,115.55,115.8,94.550003,108.35,94.43,100,0,0
2017-04-02T22:00:00Z,0.2518,0.25883,0.24923,0.25732,1248.91,1295.46,1243.93,1267.91,0.008975,0.009247,0.008953,0.008965,1.0659,1.09508,1.05693,1.08976,1.25419,1.29655,1.23651,1.29452,235.8,239.53,232.51,238.08,35.9275,36.365,35.015,35.9125,65.81,69.14,64.85,68.46,848.75,935.9,834.6,924.52,51.62,52.62,49.55,51.28,57.38,62.96,56.916,62.814,85.24,90.94,82.7,90.07,146.7,153.52,138.66,152.2,14.6,14.74,12.22,13.3,219,224.09,208.44,220.81,888,949.59,884.49,924.99,130.48,136.75,127.6,134.19,43.2,48.1,42.06,47.72,947.5,989.91,937,943,18.249,18.647,17.176,17.186,58.28,61.94,57.38,60.06,57.26,57.53,51.05,53.74,141.93,151.53,138.81,150.25,51.62,52.62,49.55,51.28,74.889999,74.889999,62.209999,67.790001,117.6,129.5,116.2,123.1,102.55,122.85,102.5,116,0,0
2017-04-30T22:00:00Z,0.25727,0.26893,0.25649,0.26828,1267.66,1274.09,1214.4,1268.55,0.008964,0.009069,0.008745,0.009021,1.09103,1.12679,1.0839,1.12422,1.29241,1.30476,1.27688,1.28906,238.68,242.08,235.43,241.44,36.275,39.1625,36.0675,38.19,68.68,70.74,67.14,69.84,924.15,999.6,920.8,987.09,51.55,52.81,50.1,50.89,62.976,68.578,58.15202,68.202,91.75,114.68,91.17,111.77,151.91,164.75,151.61,163.07,13.43,13.63,9.85,11.19,222.09,242.89,219.91,239.48,927.8,1001.2,927.8,994.62,134.61,142.93,134.12,142.81,47.39,52.24,47.32,52.21,943,965.73,894.13,946,17.189,17.468,16.07,17.309,60,63.61,58.87,63.61,53.65,59.89,52.9,57.27,151.74,153.6,144.4216,151.46,51.55,52.81,50.1,50.89,68.470001,78.989998,64.5,78.93,123.6,124.25,105.55,105.7,115.45,121.05,104.35,106.15,0,0
2017-05-31T22:00:00Z,0.26839,0.27,0.26163,0.26964,1268.93,1296.06,1236.37,1241.33,0.00902,0.009178,0.008856,0.008893,1.12422,1.14455,1.11188,1.14172,1.28906,1.3030599999999999,1.2589,1.30264,241.97,245.01,239.955,241.8,38.2925,38.995,35.55,36.005,70.24,72.89,68.09,68.93,990.96,1008.61,929.6,929.68,51.16,53.46,50.575,51.92,68.8,77.398,66.842,72.322,111.72,113.88,100,100.82,163.52,166.87,147.3,149.41,11.25,14.67,10.565,12.48,241.6,256.78,230.5701,233.05,998.59,1017,927,968,143.21,150.4,143.08,145.99,52.48,55.14,50.83,53.67,947.24,967.29,912.05,925.14,17.309,17.748,16.279,16.582,63.51,64.87,57.955,58.31,57.45,59.05,54.55,55.22,151.75,156.5,144.56,150.98,51.16,53.46,50.575,51.92,78.900002,86.860001,76.800003,86.040001,106,114.8,105.15,110.65,106,120.7,103.2,111.9,0,0
2017-07-02T22:00:00Z,0.26964,0.27786,0.26673,0.27767,1241.28,1271.17,1205.02,1268.95,0.008896,0.009072,0.008735,0.009069,1.14174,1.18454,1.13122,1.18413,1.30032,1.32232,1.28118,1.32103,242.88,248,240.34,246.77,36.22,38.4975,35.6025,37.1825,69.33,74.42,68.02,72.7,933.22,1006.19,915.31,945.5,52.15,53.71,51.4,52.78,74.048,74.27,60.626,64.694,101.32,115.25,99.22,110.79,149.8,191.5,144.25,181.66,12.57,15.65,12.13,13.61,234.51,258.49,227.5,246.66,972.79,1083.31,951.0001,987.78,146.42,158.35,145.72,153.59,54.14,61.3,52.83,58.55,922.5,943.61,891.2,937.5,16.603,16.875,14.39,16.809,58.9,59.66,53.41,53.98,55.53,56.9399,52.23,53.19,151.72,175.49,147.8,169.25,52.15,53.71,51.4,52.78,86.040001,88.5,78.019997,86.5,111.2,125.6,107.1,122.3,112.6,114.15,104.5,106.35,0,0
2017-07-31T22:00:00Z,0.27767,0.28273,0.27304,0.28002,1269.13,1325.99,1251.7,1320.65,0.009067,0.009234,0.009007,0.009093,1.18413,1.20703,1.1662,1.19091,1.32103,1.3268,1.27739,1.29288,247.46,248.91,241.83,247.49,37.275,41.13,37.1025,41,73.1,74.96,71.28,74.77,947.81,957.195,918.6,955.24,52.96,53.645,51.17,51.25,64.6,74,62.244,71.18,111.27,119.73,104.77,114.46,182.49,184.62,164.23,174.71,13.72,13.93,11.86,13,248.23,259.36,238.7,252.07,996.11,1006.4,936.33,980.6,154,155.84,147.0701,154.33,59,62.029,57.58,61.68,939.52,1006.55,938.97,995.5,16.809,17.664,16.135,17.559,54.57,56.12,52.58,54.86,53.3,54.1,51.28,52.27,169.82,173.05,165,171.97,52.96,53.645,51.17,51.25,86.800003,87.989998,80.040001,83.400002,122.65,128.25,118,126.1,106.85,120.85,105.15,117.9,0,0
2017-08-31T22:00:00Z,0.28014,0.28411,0.27109,0.27347,1321.48,1357.5,1275.99,1279.72,0.009094,0.009317,0.008831,0.008889,1.19091,1.20923,1.1717,1.18118,1.29288,1.36574,1.29053,1.33951,247.92,251.32,244.95,251.23,41.2,41.235,37.29,38.53,74.71,75.97,72.92,74.49,957.47,975.81,924.5101,973.72,51.38,54.35,49.535,53.59,71.224,77.922,67.08,68.22,114.63,117.125,108.65,112.26,175.55,189.95,172.44,181.35,13.12,14.24,12.035,12.75,252.33,255.34,231.53,242.54,984.2,1000,931.75,961.35,154.65,157.47,150.34,156.31,61.98,65.24,60.58,64.03,996.5,1022.28,909.5,909.5,17.559,18.21,16.62,16.62,54.9,55.6,53.05,53.71,52.53,52.77,48.92,51.84,172.4,174,161.56,170.87,51.38,54.35,49.535,53.59,84.129997,117,81.400002,116.25,126.55,132.25,112.6,117.4,117.45,128.89999,116.5,121.7,0,0
2017-10-01T22:00:00Z,0.27335,0.27955,0.2712,0.27426,1279.67,1306.04,1260.8,1270.65,0.008884,0.008955,0.008739,0.008798,1.17883,1.18802,1.15741,1.1646,1.33686,1.34023,1.3027,1.32822,251.49,257.89,251.2926,257.15,38.565,42.412475,38.115,42.26,74.71,86.2,73.71,83.18,975.65,1063.62,961.95,1033.04,53.29,54.82,52.335,54.38,68.504,72.6,63.332,66.306,110.6915,125.01,110.68,124.96,182.11,204.38,176.58,196.43,12.8,14.41,10.65,10.985,245.31,266.7,237.51,263.91,964,1122.79,950.37,1105.28,156.85,166.17,153.25,156.47,64.5,72.74,63.69,72.56,909.5,947.5,905.35,917.5,16.619,17.466,16.338,16.689,53.86,56.43,53.66,54.84,52.09,54.77,50.02,51.01,171.39,180.8,168.29,180.06,53.29,54.82,52.335,54.38,116.25,124,110.25,120.6,117.8,127.35,114.4,122.95,122.1,134.45,119.5,128.7,0,0
2017-10-31T22:00:00Z,0.27426,0.28393,0.27254,0.28268,1270.66,1299.3,1265.67,1274.56,0.008794,0.00902,0.008719,0.008885,1.1646,1.19611,1.15538,1.19036,1.32822,1.35492,1.30391,1.35254,258.04,266.05,255.63,265.01,42.4675,44.06,41.32,42.9625,83.68,85.06,82.24,84.17,1036.315,1080,1028.66,1036.17,54.58,55.92,51.14,55.15,66.45,66.52178,58.526,61.77,125.63,131.1,106.2,109.7,197.24,202.48,184.32,187.58,11.25,12.27,10.66,10.89,264.24,285.68,248.87,277.94,1105.4,1213.41,1086.8691,1176.75,157.08,167.87,154.7,165.48,72.78,79.385,71.67,75.73,918,956.65,916.8,942.1,16.689,17.381,16.327,16.397,55.1,58.1399,54.05,57.82,51.47,69.28,50.51,66.34,182.36,184.25,174,177.18,54.58,55.92,51.14,55.15,121.45,128,95.220001,101.5,123.15,125.8,105.3,106.8,128.5,131.3,110.5,110.8,0,0
2017-11-30T22:00:00Z,0.28276,0.28758,0.2783,0.28655,1274.55,1307.552,1236.66,1302.67,0.008883,0.008969,0.008792,0.008872,1.19036,1.20254,1.17175,1.20048,1.35254,1.35498,1.3301399999999999,1.35035,264.76,268.6,260.76,266.86,42.4875,44.3,41.615,42.3075,83.6,87.4999,80.7,85.54,1030.41,1086.49,1002.315,1053.4,55.23,56.425,53.58,53.58,61.088,69.488,60,62.27,108.81,110.18,103.19,104.83,186.99,194.49,178.38,191.96,10.81,11.19,9.7,10.28,275.21,275.7,253.39,256.9,1172.05,1194.78,1124.74,1169.47,165.26,174.07,162.25,169.4,75.22,76.44,68.61,73.62,939.5,944.37,873.78,928,16.416,17.11,15.626,16.9,57.5,60.05,56.461,57.43,65.2,66.12,63.8,64.02,176.03,182.28,169.01,176.46,55.23,56.425,53.58,53.58,102.4,103.5,88.099998,97,107,113.1,99.75,111.2,112,114.15,100.25,106,0,0
2017-12-31T22:00:00Z,0.28689,0.30169,0.28441,0.29841,1302.56,1366.056,1302.56,1344.57,0.008869,0.009234,0.008821,0.009158,1.20048,1.25379,1.19154,1.24132,1.35035,1.43455,1.34582,1.41882,267.84,286.6285,267.4,281.9,42.54,45.025,41.175,41.8575,86.125,95.45,85.5,95.01,1053.02,1198,1053.02,1182.22,54.05,58.5,53.7934,57.14,62.4,72.1,61.136,70.862,105.34,119.24,104.3861,115.62,196.1,286.81,195.42,270.3,10.42,13.85,10.34,13.74,259.77,274.26,237.01,248.03,1172,1472.58,1170.51,1450.89,169.74,185.34,167.95,181.1,74.235,86.32,73.43,85.32,928.5,1028.61,928.5,1000.5,16.9,17.698,16.757,17.305,57.95,61.94,56.55,56.81,64.38,68.9,64.17,68.25,177.68,190.66,175.8,186.89,54.05,58.5,53.7934,57.14,97.699997,123.4,97.25,116,111.4,115.95,106.65,110.05,106.8,114.2,104.25,108.5,0,0
2018-01-31T22:00:00Z,0.2985,0.30158,0.29151,0.29151,1344.629,1361.716,1307.248,1318.2,0.009156,0.009473,0.009053,0.009371,1.24132,1.25557,1.21877,1.21932,1.41882,1.42782,1.37568,1.37596,281.07,283.06,252.92,271.65,41.79125,45.15375,37.56,44.53,94.79,96.07,83.83,93.77,1175.99,1187.45,997,1103.92,56.93,57.8,51.8716,54.36,70.2,71.998,58.952,68.612,114.72,119.74,101.55,117.47,266.41,297.36,236.11,291.38,13.62,13.84,10.63,12.11,241.72,255.74,224.9,246.46,1445,1528.7,1265.93,1512.45,180.4,195.93,164.99,191.8,79.95,82.17,71.63,79.41,1000.5,1014.01,958.43,982.72,17.329,17.393,16.198,16.385,56.28,57.92,53.56,57.1,67,68.35,60.5,65,188.22,195.32,167.18,178.32,56.93,57.8,51.8716,54.36,116.1,117.4,101.8,107,110.5,113,101.05,105,109.25,109.4,91.5,96.519997,0,0
2018-02-28T22:00:00Z,0.29151,0.29636,0.28895,0.29163,1317.859,1356.83,1302.97,1325.03,0.009372,0.009563,0.009323,0.009408,1.21932,1.24762,1.21544,1.23208,1.37596,1.42448,1.37117,1.40261,271.41,280.41,257.83,263.15,44.635,45.875,41.235,41.945,93.99,97.24,87.08,91.27,1109.54,1178.16,984,1037.14,54.39,55.5066,49.15,50.5,69.002,69.734,49.642,53.226,117.95,141.26,111.05,125.58,292.75,333.98,275.9,295.35,12.26,12.82,9.79,10.05,245.86,273.85,234.76,235.65,1513.6,1617.54,1365.2,1447.34,191.14,197.76,184.81,191.06,79.6,83.99,74.55,75.87,982.5,983.88,927.53,931.97,16.38,16.863,16.131,16.332,57,60.7,55.6805,57.89,65.03,66.2372,53.65,55.41,179.01,186.1,149.02,159.79,54.39,55.5066,49.15,50.5,105.8,116,99.650002,109.4,105,106.7,82.239998,86.82,96.459999,97.940002,82.959999,84.120003,0,0
2018-04-01T22:00:00Z,0.29153,0.29829,0.28434,0.28434,1325.06,1365.243,1310.348,1315.5,0.009404,0.009463,0.009131,0.009151,1.23201,1.24136,1.20554,1.2077499999999999,1.40294,1.43767,1.37126,1.37553,262.55,271.3,254.67,264.51,41.97,44.734125,40.1575,41.315,90.47,97.9,87.51,93.52,1027.62,1097.51,994.25,1018.58,50.45,51.89,49.03,50.45,51.252,61.9,48.91802,58.78,124.56,134.73,120.8,125.9,291.94,338.82,271.2239,312.46,9.99,11.36,9.04,10.88,233.95,252.85,225.44,229.42,1417.62,1638.1,1352.88,1566.13,190.2,195.555,183.75,188.6,75.23,80.89,72.52,74.61,927.5,954.2,902.89,903.5,16.344,17.355,16.195,16.3,57.52,60.18,55.38,57.57,55.1,56.79,48.56,51.01,157.81,177.1,150.51,172,50.45,51.89,49.03,50.45,108.9,127.4,107.7,124.8,87.059998,97.779999,85.199997,93.639999,84.260002,93.980003,84.099998,89.699997,0,0
2018-04-30T22:00:00Z,0.28448,0.28468,0.26591,0.27032,1314.84,1325.916,1282.274,1297.9,0.009147,0.009248,0.008979,0.00919,1.2077499999999999,1.20841,1.15101,1.169,1.37553,1.37728,1.32043,1.32931,263.87,274.25,259.05,270.94,41.60255,47.5925,41.3175,46.7175,93.21,99.99,92.45,98.84,1016.3,1118.15,1007.89,1100,50.25,51.86,48.49,49.99,58.702,62.598,54.6844,56.946,125.3,139.94,123.875,129.1,310.36,356.1,305.73,351.6,10.83,13.95,10.77,13.73,230.845,255.29,221.98,252.07,1563.22,1635,1546.02,1629.62,189,202.75,185.105,197.5,74.15,83.06,70.22,82.07,904,929.4,877.9,904,16.291,16.828,16.062,16.403,57.67,59.04,55.54,56.67,50.76,60,49.31,58.12,172,192.72,170.23,191.78,50.25,51.86,48.49,49.99,124.8,148.89999,123,147.2,94.300003,98.879997,84.639999,84.720001,89.919998,89.919998,80.760002,81.5,0,0
2018-05-31T22:00:00Z,0.27034,0.27745,0.26445,0.26665,1298.596,1309.3,1246.03,1252.4,0.009192,0.009197,0.009016,0.009031,1.169,1.18522,1.15079,1.16815,1.32931,1.34725,1.30494,1.32031,272.41,279.48,268.49,271.28,46.9978,48.55,45.1825,46.2775,99.2798,102.69,97.26,98.61,1112.87,1201.49,1106.0724,1129.19,50.5,52.23,49.235,50.02,57.172,74.746,56.7678,68.59,130.3,142.936,126.59,131.09,353.88,423.2056,352.82,391.43,13.98,17.34,13.92,14.99,254.37,271.81,242.265,242.64,1637.03,1763.1,1635.09,1699.8,199.87,208.98,198.71,203.89,82.5497,87.55,80.16,83.27,906.75,913.17,843.18,850,16.411,17.315,15.924,16.101,56.84,57.94,47.37,48.85,58.34,62.65,55.09,56.12,193.065,203.55,186.43,194.32,50.5,52.23,49.235,50.02,147.2,172.5,140.39999,161.8,84.919998,98.400002,83.620003,88,81.5,90.5,80.199997,84.059998,0,0
2018-07-01T22:00:00Z,0.26665,0.27402,0.26358,0.27273,1252.52,1265.9,1211.65,1223.7,0.009033,0.009067,0.008838,0.00894,1.16753,1.17907,1.15749,1.16908,1.3183,1.33627,1.29574,1.31204,269.51,284.37,269.24,281.33,45.955,48.99,45.855,47.5725,98.1,111.15,98,106.08,1115.35,1291.44,1106.6,1227.22,49.62,53.35,49.59,53.01,72.014,72.956,57.226,59.628,130.02,137.96,124.69,128.44,385.45,419.77,328,337.45,14.8,20.18,14.74,18.33,240.09,251.8,197.4567,221.77,1682.7,1880.05,1678.06,1777.44,202.57,217.31,199.525,200.44,82.75,92.35,81.3,82.14,850,858.89,793.59,838.73,16.088,16.212,15.178,15.49,48.64,52.845,48.4,52.39,55.4,64.655,55.12,64.09,193.37,218.62,166.56,172.58,49.62,53.35,49.59,53.01,159.7,221,159.2,197.5,87.720001,97.779999,87.720001,96.5,82.839996,95.440002,80.980003,92.639999,0,0
2018-07-31T22:00:00Z,0.2728,0.2744,0.261,0.26904,1223.57,1224.85,1160.37,1201.47,0.008939,0.009108,0.008918,0.008997,1.16908,1.17334,1.13009,1.16005,1.31204,1.31445,1.26617,1.29509,281.56,291.74,279.16,290.31,49.7825,57.2175,49.3275,56.9075,106.03,112.777,104.84,112.33,1239.11,1271.9648,1204,1231.8,53.31,54.72,52.14,54.11,59.598,77.492,57.64,60.332,127.99,159.94,125.885,154.35,335.87,376.8085,310.928,367.68,18.34,27.3,18,25.17,223.26,223.94,202.77,219.03,1784,2025.57,1776.02,2012.71,198.85,207.4,196.03,207.05,82.24,93.01,82.0097,92.33,837,841.78,755.88,785,15.485,15.553,14.336,14.526,52.24,54.44,51.195,53.45,63.55,70.4868,63.55,68.71,173.93,188.3,170.27,175.73,53.31,54.72,52.14,54.11,194.8,222.39999,185.2,206,96.080002,96.540001,83.019997,90.800003,93,101.85,90.419998,98.239998,0,0
2018-09-02T22:00:00Z,0.26806,0.27546,0.26725,0.27052,1200.84,1212.64,1180.86,1190.4,0.009006,0.009058,0.008797,0.008797,1.1595,1.18152,1.15256,1.16027,1.29112,1.32986,1.27853,1.3029,289.84,293.94,286.71,290.72,57.1025,57.4175,53.825,56.435,110.85,115.29,107.23,114.37,1222.52,1227.87,1151.5,1207.08,54.21,55.555,52.48,52.81,59.388,62.992,50.45096,52.954,154.17,157.11,145.9,156.11,366.47,383.2,335.83,374.13,25.62,34.14,25.5675,30.89,218.59,250.1,213.92,246.73,2026.5,2050.5,1865,2003,207.48,215,195.34,195.39,91.94,93.7,87.39,87.84,785,839.19,766.87,814.24,14.513,14.716,13.94,14.624,53.44,57.84,53.2148,56.84,68.74,76.5,68.71,72.03,173.5,173.89,158.8656,164.46,54.21,55.555,52.48,52.81,206.39999,208.8,167.8,187.3,90.5,93.699997,81.699997,89.099998,98.5,106.5,96.199997,101,0,0
2018-09-30T22:00:00Z,0.27037,0.27125,0.26012,0.26012,1191.26,1243.428,1183.05,1215,0.008795,0.008976,0.008731,0.008852,1.16169,1.16247,1.1302,1.13116,1.3038,1.32578,1.26958,1.27655,292.11,293.21,259.85,270.63,56.9875,58.3675,51.5225,54.715,114.75,116.18,100.11,106.81,1213,1224.52,1007.2,1090.58,52.95,54.655,50.01,52.27,61.154,69.432,49.554,67.464,155.65,156.64,119.93,129.25,375.85,386.7999,271.2093,301.78,30.69,31.91,16.17,18.21,247.88,252.1413,208.23,223.49,2021.99,2033.19,1476.36,1598.01,196.5,199.54,166.11,182.32,88.13,88.8,74.66,84.19,814,850.37,809.38,835.01,14.618,14.91,14.21,14.21,56.91,59.7,54.705,58.27,72.46,73.91,61.18,62.89,163.03,165.88,139.03,151.79,52.95,54.655,50.01,52.27,188.89999,194.39999,135,158.3,89.220001,91.339996,81.099998,86.879997,101.9,103.8,84.699997,92.239998,0,0
2018-10-31T22:00:00Z,0.2602,0.26766,0.2602,0.26329,1214.55,1237.6,1196.464,1222.136,0.008852,0.008903,0.008757,0.00881,1.13116,1.14999,1.12154,1.1318,1.27655,1.31747,1.27232,1.27481,271.6,281.22,263.07,275.65,54.7625,55.59,42.565,44.645,107.05,112.24,99.3528,110.89,1091.4,1109.9299,1002.21,1109.65,52.39,55.35,51.49,54.46,67.652,73.35,65,70.096,130,147.44,120.1,144.5,304.59,332.0499,250,286.13,18.41,22.2235,17.18,21.3,225.16,242.62,213.71,237.41,1623.53,1784,1420,1690.17,182.26,188.49,173.12,182.86,84.18,89.06,75.47,85.81,835.5,877.78,796.5,796.5,14.236,14.912,13.898,14.153,58.3,68.98,58.07,66.72,63.2,64.34,53.53,58.26,151.52,154.13,126.85,140.61,52.39,55.35,51.49,54.46,165,170.39999,124.3,142.2,89.919998,97.959999,86.839996,89.720001,93.400002,113.3,92.559998,110.1,0,0
2018-12-02T22:00:00Z,0.26332,0.26763,0.26265,0.26695,1222.02,1284.07,1221.44,1282.2,0.008808,0.009126,0.008784,0.009122,1.13499,1.14857,1.12697,1.14448,1.2765,1.28396,1.24765,1.27391,280.28,280.4,233.76,249.92,46.115,46.235,36.6475,39.435,113,113.42,93.96,101.57,1132.16,1135,977.6599,1044.96,54.88,55.04,43.14,45.7,72,75.898,58.818,66.56,148.03,150.41,117.72,128.61,293.19,298.72,231.23,267.66,22.48,23.75,16.03,18.46,245.2,261.59,217.61,254.28,1769.46,1778.34,1307,1501.97,185.74,186.305,156.68,169.94,87.29,88.84,76.7,84.09,798,814.81,778.77,793.5,14.15,15.506,14.15,15.47,67.37,68.15,60.42,64.4,60.51,60.51,53.512,56.91,143,147.19,123.02,131.09,54.88,55.04,43.14,45.7,148.8,157,135.39999,145.60001,92,94.599998,85.800003,88.879997,111,114.35,101.5,108.15,0,0
2018-12-31T22:00:00Z,0.26698,0.26923,0.26325,0.26823,1282.2,1326.3,1276.5,1321.2,0.009118,0.009515,0.009054,0.009185,1.14448,1.15697,1.12892,1.14465,1.27391,1.32179,1.2373,1.31063,245.98,270.47,243.67,269.93,38.7225,42.25,35.5,41.61,99.55,107.9,97.2,104.43,1027.2,1127.67,1022.37,1125.89,45.22,51.63,45.05,51.16,61.22,70.4,55.85662,61.404,125.39,148.57,121.12,147.2,259.28,358.85,256.58,339.5,18.01,25.14,16.94,24.41,248.85,273.75,230.3327,268.25,1465.2,1736.411,1460.93,1718.73,169.27,191.85,163.99,191.65,82.38,94.58,81.91,88.76,792,831.26,783.2,819.5,15.47,16.185,15.181,16.03,63.68,69.49,61.395,68.14,56.2,58.17,49.1,49.52,128.99,171.68,128.56,166.69,45.22,51.63,45.05,51.16,145.39999,201.39999,142.10001,190,88,94.900002,86.120003,94.160004,108.15,113.85,101.7,104.7,0,0
2019-01-31T22:00:00Z,0.26817,0.26842,0.25917,0.26383,1321.04,1346.75,1302.45,1313,0.009183,0.009196,0.00897,0.008976,1.14465,1.14884,1.1233899999999999,1.13706,1.31063,1.33503,1.27729,1.3262,270.15,281.31,267.83,278.68,41.74,43.9675,41.4825,43.2875,103.775,113.24,102.35,112.03,1122.29,1154,1093.59,1126.55,51.26,52.19,49.94,51.69,61.084,64.848,57.75402,63.976,147.78,166.29,146.895,163.01,337.18,371.49,336.5,358.1,24.61,25.52,22.27,23.53,269.15,286.625,264.89,275.36,1638.88,1673.06,1566.756,1639.83,192.1,204.27,187.31,200.37,88.36,98.525,88.25,98.07,819.5,877.14,780.06,870.36,16.03,16.213,15.496,15.58,68.59,72.07,67.08,70.26,49.58,53.97,49.4,53.39,165.84,172.47,159.59,161.45,51.26,52.19,49.94,51.69,190,195,173.39999,190.10001,93.839996,103.25,92.5,101.3,104.75,106.8,100.9,101.9,0,0
2019-02-28T22:00:00Z,0.26381,0.26696,0.25904,0.2602,1312.854,1324.52,1281.01,1291.91,0.008974,0.009114,0.00892,0.009019,1.13706,1.1448099999999999,1.1176,1.12171,1.3262,1.33806,1.29604,1.30344,280.44,285.18,272.42,282.48,43.57,49.4225,42.375,47.4875,112.89,120.82,108.8,117.94,1131,1236.44,1130.2,1176.89,52.12,52.96,47.5699,48.19,61.388,61.426,50.892,55.972,167.77,169.05,149.5,155.82,362.26,379,342.47,356.56,23.97,28.11,21.035,25.52,277.73,303.3,259.2,300.71,1655.13,1823.75,1586.57,1780.75,202.13,211.27,194.95,210.55,98.92,104.7,94.51,103.84,870.36,875.44,809.54,845.5,15.605,15.636,14.974,15.107,70.63,74.4801,69.03,74.34,54,58.39,53.03,57.03,162.6,174.3,159.28,166.69,52.12,52.96,47.5699,48.19,192,204.60001,176.5,200,101.95,107.8,98.519997,107,102.5,104.45,97,97.639999,0,0
2019-03-31T22:00:00Z,0.2602,0.26454,0.25897,0.26132,1292.4,1310.6,1266.42,1283.35,0.009011,0.00903,0.008898,0.008971,1.12283,1.13238,1.11096,1.1215,1.30379,1.31962,1.28656,1.30319,284.7,294.45,284.4,294.02,47.91,52.12,47.095,50.1675,118.95,131.37,118.1,130.6,1187.54,1296.975,1183,1198.96,48.55,53.38,48.3,53.32,56.524,59.234,46.226,47.738,158.22,178.555,157.29,178.21,359,384.8,342.27,370.54,26.42,29.9498,25.83,27.63,303.11,322.4458,299.75,318.4,1800.11,1956.335,1798.73,1926.52,212.02,220.92,210.16,220.66,104.99,113.22,102.65,112.77,848.88,915.5,843.7,886,15.118,15.341,14.752,14.93,74.76,77.79,73.73,77.68,57.64,88.63,55.785,86.13,167.83,198.48,167.2789,193.4,48.55,53.38,48.3,53.32,201,220.5,196.10001,214.89999,108,112.5,102.3,102.85,98.900002,104.05,97.660004,97.919998,0,0
2019-04-30T22:00:00Z,0.26126,0.26269,0.25839,0.2604,1283.24,1306.94,1266.39,1305.2,0.008969,0.009239,0.008956,0.009233,1.1215,1.12648,1.11069,1.11686,1.30319,1.31765,1.25589,1.26308,294.72,294.95,275.24,275.27,52.47,53.8275,43.7475,43.7675,130.53,130.65,123.04,123.68,1197.5,1199.25,1103.35,1106.5,53.27,53.7839,49.75,50.2,47.77,51.66998,36.82,37.032,178.93,178.95,158.51,160.91,374,385.99,341.39,343.28,28.95,29.67,26.03,27.41,320.5,323.2,250.09,251.64,1933.09,1964.4,1772.7034,1775.07,220.99,222,205.93,213.88,113.21,114.66,106.52,109.75,887.97,888.63,789.72,791.5,14.919,14.976,14.295,14.549,77.67,79.6501,74.33,76.06,87.17,90.34,64.76,66.82,194.78,196.1769,177.16,177.47,53.27,53.7839,49.75,50.2,215,224.89999,202.10001,207.8,100.75,102.05,91.5,95,98.400002,99,86,96.779999,0,0
2019-06-02T22:00:00Z,0.2604,0.26795,0.2604,0.26746,1305.27,1439.14,1305.27,1409.1,0.009233,0.009362,0.00919,0.009266,1.11659,1.14122,1.11602,1.13676,1.2626,1.27838,1.2506,1.26948,275.31,296.3093,273.09,293,43.9,50.3925,42.5675,49.48,123.85,138.4,119.01,133.96,1066.93,1126.57,1027.03,1082.8,50.06,53.64,49.85,52.4,37.102,46.948,35.39838,44.692,161.42,171.83,153.55,162.9,343.56,375,332.65,367.32,28.75,34.3,27.29,30.37,252.55,291.75,251.2,287.86,1760.01,1935.2,1672,1893.63,214.39,235.58,210.49,227.79,111.09,119.95,103.96,114.46,793.72,840.74,791.67,833,14.55,15.553,14.55,15.288,76.12,85.2,75.65,83.83,67.09,76.44,65.83,76.07,175,194.53,160.84,193,50.06,53.64,49.85,52.4,208.7,233,197.39999,215.3,95,105.9,92.519997,103.5,97,97.300003,87,89.980003,0,0
2019-06-30T22:00:00Z,0.26748,0.2675,0.25776,0.25776,1409.51,1452.95,1381.91,1412.3,0.009265,0.00933,0.009176,0.00919,1.13601,1.13711,1.10601,1.10747,1.26965,1.27057,1.21186,1.21543,296.68,302.23,294.33,297.43,50.7925,55.3425,49.6025,53.26,136.63,141.675,134.67,136.27,1101.04,1268.394,1095.33,1218.2,52.93,57.81,52.625,57.15,46.042,53.214,44.444,48.322,166.99,175.28,154.285,156.17,373.5,384.76,305.81,322.99,31.79,34.86,30.3,30.45,301.68,305.75,272.41,289.99,1922.98,2035.8,1849.44,1866.78,230.59,248.705,229.77,244.95,116.72,121.48,108.77,110.4,834.1,884.93,805.55,861.5,15.293,16.652,14.895,16.256,84.62,99.72,84.03,94.69,80.67,80.76,72.757,73.16,195.21,208.66,191.93,194.23,52.93,57.81,52.625,57.15,218.3,231.10001,209.7,230,105.5,106.7,93.199997,94.400002,90.739998,101.25,88.620003,97.360001,0,0
2019-07-31T22:00:00Z,0.25767,0.25991,0.25056,0.25062,1412.765,1555.33,1400.654,1520.34,0.009191,0.00957,0.00915,0.009406,1.10747,1.12496,1.0963,1.09875,1.21543,1.23099,1.20143,1.2160199999999999,297.6,300.87,281.72,292.45,53.475,54.5075,48.145,52.185,137,140.9383,130.78,137.86,1217.63,1236.298,1142.75,1190.53,56.85,57.19,50.6,52.69,48.53,48.902,42.2,45.122,156.12,158.83,129.7,142.82,324.25,328.58,287.1968,293.75,30.5,35.55,27.65,31.45,289.13,297.82,262.5,282.64,1871.72,1897.92,1743.51,1776.29,252.66,266.22,241.85,260.19,110.45,112.4496,102.21,109.05,861.68,940.78,833.58,930.75,16.259,18.651,15.924,18.35,95,98.14,93.03,96.56,68.88,79.1,67.12,77.77,194.17,198.47,176.66,185.67,56.85,57.19,50.6,52.69,229.8,259.79999,211.60001,253,94.260002,94.260002,72.400002,78.32,97.019997,100.45,85.900002,90.639999,0,0
2019-09-01T22:00:00Z,0.25062,0.25625,0.24846,0.24892,1522.78,1557.1,1464.645,1472.16,0.00941,0.00946,0.00922,0.00925,1.09899,1.11096,1.08848,1.08972,1.21475,1.25824,1.19583,1.2286299999999999,290.57,302.63,289.27,296.77,51.6075,56.605,51.055,55.9925,136.61,142.37,134.51,139.03,1181.85,1248.02,1163.715,1221.14,52.4,56.45,51.74,55.34,44.816,50.7,43.672,48.174,141,159.88,139.87,147.7,290.82,301.55,252.28,267.62,30.83,32.05,28.35,28.99,280,302.33,270,276.07,1770,1853.66,1709.22,1735.91,259.44,269.57,243.04,244.98,107.92,111.67,101.1,103.59,932.63,997.55,875.71,883.04,18.328,19.647,16.927,16.988,96.42,97.21,87.61,88.42,76.77,80.44,74.63,76.28,184,193.1,175.66,178.08,52.4,56.45,51.74,55.34,253,261.70001,236.39999,243.39999,78.400002,84.440002,73.220001,80,91.220001,99.900002,86.940002,98.699997,0,0
2019-09-30T22:00:00Z,0.24892,0.26197,0.2489,0.26127,1472.204,1519.7,1459.23,1512.564,0.00925,0.00939,0.00915,0.00926,1.08972,1.11795,1.08791,1.11512,1.2286299999999999,1.30125,1.21952,1.29412,297.74,304.55,284.82,303.33,56.2675,62.4375,53.783,62.19,139.66,145.67,133.22,143.37,1222.49,1299.24,1163.14,1258.8,55.61,57.71,52.08,57.02,48.3,68.168,44.856,62.984,148.5,152.26,138.62,147.36,267.35,308.75,257.01,287.41,29.05,34.34,27.43,33.93,278.27,294.08,267.22,292.85,1746,1798.85,1685.06,1776.66,244.7,259.18,233.485,257.99,104,108.46,94.77,104.1,883.04,938.95,871.2,931.95,16.974,18.328,16.896,18.111,88.63,88.894,82.1262,84.56,77.06,83.13,72.81,80.44,179.15,198.09,173.09,191.65,55.61,57.71,52.08,57.02,244.10001,257,230,252.10001,79.379997,86.900002,73.5,83.639999,99.120003,108.5,96.599998,104.4,0,0
2019-10-31T22:00:00Z,0.26125,0.26244,0.25446,0.255,1512.724,1516.05,1445.817,1463.6,0.009255,0.00927,0.00912,0.009135,1.11512,1.11755,1.09812,1.10154,1.29412,1.29854,1.27685,1.29272,304.92,315.48,304.74,314.31,62.385,67,62.29,66.8125,144.26,152.5,142.965,151.38,1265.8,1333.92,1259.71,1304.09,57.55,60.505,57.38,60.03,63.264,72.24,61.852,65.988,148.6,181.355,147.61,180.9,288.7,316.82,281.14,314.66,34.37,41.79,34.1,39.15,292.99,325.67,292.09,316.21,1788.01,1824.69,1722.71,1800.8,260.01,272.65,249.08,264.65,104.7,108.39,99.6,108.01,932.19,955.43,865.5,893.9,18.08,18.218,16.648,17.007,84.79,86.73,81.0301,85.43,81.59,94.11,81.25,83.55,192.85,203.8,188.54,201.64,57.55,60.505,57.38,60.03,256.79999,269.20001,253.2,262.5,85.32,96.940002,85.120003,89.900002,105.6,109.05,92.040001,92.900002,0,0
2019-12-01T22:00:00Z,0.25499,0.26375,0.25499,0.26314,1464.02,1525.28,1454,1517.177,0.009132,0.00922,0.009092,0.0092,1.10235,1.12393,1.10029,1.12223,1.29086,1.35149,1.28961,1.32502,314.59,323.8,307.13,321.86,66.8175,73.4925,64.0725,73.4125,151.81,159.55,146.65,157.7,1302.56,1367.07,1277.05,1339.39,60.25,61.11,58.64,59.29,65.88,87.062,65.45,83.666,180.69,185.75,170.92,183.46,314.39,338,292.02,323.57,39.32,47.31,37.15,45.86,317.72,331.2,303.13,316.02,1804.4,1901.4,1735,1847.84,265.21,275.75,259.45,273.05,107.96,110.18,103.26,108.17,893.5,984.58,885.37,963,16.99,18.142,16.527,17.821,85.38,89.3,83.82,87.92,83.98,90.46,79.81,88.23,202.13,208.93,193.17,205.25,60.25,61.11,58.64,59.29,264,285,252.39999,279.5,90,98.779999,86.639999,95.580002,93.620003,93.620003,77.599998,85.82,0,0
2019-12-31T22:00:00Z,0.26313,0.26421,0.25649,0.25784,1517.7,1611.335,1517.2,1589.687,0.009203,0.00929,0.00907,0.009229,1.12223,1.12223,1.09923,1.10948,1.32502,1.32502,1.29542,1.32018,323.54,332.95,320.36,321.73,74.06,81.9625,73.1875,77.3775,158.78,174.05,156.51,170.23,1348.41,1500.5812,1346.49,1432.78,59.47,59.48,52.87,53.22,84.9,130.6,84.342,130.114,184.21,201.57,181.88,196.85,326.1,359.85,321.2,345.09,46.86,52.81,46.1,47,319.32,331.58,298.8,305.16,1875,2055.72,1815.34,2008.72,274.57,300.715,273.72,293.73,109.47,119.6,107.44,113.89,967.23,1041.45,948.55,958,17.83,18.853,17.386,18.004,88.12,94.13,84.52,84.83,89.05,96.17,85.04,85.31,206.75,224.2,201.06,201.91,59.47,59.48,52.87,53.22,282,292.70001,243,281.60001,96.559998,101.55,90.720001,91.199997,86.5,87.279999,74.519997,75.660004,0,0
2020-02-02T22:00:00Z,0.25784,0.25934,0.25156,0.25432,1593.065,1689.296,1547.674,1585.634,0.009231,0.0093,0.008915,0.009242,1.10942,1.10942,1.07779,1.1025,1.31768,1.3183799999999999,1.27258,1.28231,323.35,339.08,285.54,296.26,76.075,81.805,64.0925,68.34,170.43,190.7,152,162.01,1461.65,1530.74,1268.21,1339.25,53.57,55.69,44.91,46.44,134.738,193.79798,122.304,133.598,197.86,211.58,175.0476,190.88,347.24,392.95,346.28,369.03,46.4,59.27,41.04,45.48,305.63,325.7,262.74,272.62,2010.6,2185.95,1811.129,1883.75,294.65,312.94,257,265.91,114.3,124.45,103.72,107.99,957.5,1018.106,854.5,861.5,18.02,18.9435,16.3935,16.6645,85.07,90.505,75.72,78.43,85.55,92.44,73.34,78.3,203.44,218.765,181.82,192.47,53.57,55.69,44.91,46.44,280.60001,336,261.60001,278.5,91.800003,99.260002,70,70.540001,75.480003,77.68,55.040001,58.639999,0,0
2020-03-01T22:00:00Z,0.25425,0.26574,0.23221,0.24197,1585.4,1703.6,1451.414,1575.007,0.009248,0.009874,0.008952,0.009299,1.1045,1.1495,1.06359,1.10292,1.2783,1.32002,1.1409799999999999,1.24086,298.21,313.84,218.26,257.75,70.57,76,53.1525,63.5725,165.31,175,132.52,157.71,1351.39,1408.19,1008.87,1161.95,46.48,49.04,28.59,34.45,142.252,161.396,70.102,104.8,190.67,192.73,125.38,156.1,373.11,393.52,290.25,375.5,47.42,50.2,36.75,45.48,276.76,288.48,155.67,237.1,1906.49,1996.33,1626.0318,1949.72,271.05,297.64,186.055,245.05,107.46,115.39,82.07,95.74,862.5,910,565.432,720.25,16.6645,17.5935,11.6391,13.9668,77.92,82.615,50.02,65.74,79.015,82.65,58,67.65,194.03,197.24,137.1006,166.8,46.48,49.04,28.59,34.45,287.89999,306.89999,205.2,289.10001,74,78.980003,48.009998,59.82,61.5,62.799999,42,55.700001,0,0
2020-03-31T22:00:00Z,0.24173,0.24307,0.23519,0.24061,1574.737,1747.742,1567.8,1685.125,0.009297,0.009401,0.009144,0.009331,1.10292,1.1038999999999999,1.0727,1.0952,1.24086,1.2647599999999999,1.21635,1.25907,247.98,294.88,243.9,290.48,61.625,73.6325,59.225,73.45,153,180.4,150.36,179.21,1124,1360.15,1075.08,1346.7,32.53,38.935,30.78,36.5,100.8,173.964,89.28,156.376,147.53,189.86,135.52,187.13,376.05,449.52,357.51,419.85,44.18,58.63,41.7,52.39,227.99,276.99,219.68,271.62,1932.97,2475,1889.15,2474,233.96,308.41,230.11,292.88,92.72,124.03,89.88,123,720.5,797.186,704.207,772.05,13.943,15.8425,13.8155,14.909,63,79.61,60.9,76.73,65,80.87,64.55,78.67,161.615,209.69,150.83,204.71,32.53,38.935,30.78,36.5,283.5,374,276.5,357.60001,59,79.300003,57.220001,76.980003,54,67.919998,53,62.360001,0,0
2020-04-30T22:00:00Z,0.24059,0.25025,0.23621,0.24928,1685.855,1765.3,1670.43,1729.326,0.009331,0.009434,0.009254,0.009275,1.0952,1.11452,1.0766499999999999,1.1101,1.25907,1.25998,1.2075,1.23455,285.31,306.84,276.37,304.32,71.5625,81.06,71.4625,79.485,175.8,187.51,173.8,183.25,1324.09,1445.11,1296.01,1433.52,35.71,38.65,28.36,35.56,151,168.658,136.608,167,179.22,210.71,170.57,210.38,415.1,458.97,397.86,419.73,51.07,56.98,49.09,53.8,266,292,254.75,291.27,2336.8,2525.45,2256.38,2442.37,287.67,326,281.07,325.02,119.85,155.33,119.43,155.01,770.25,863.384,748.5,838.25,14.907,17.909,14.7035,17.8515,74.9,80.06,70.65,77.99,76.85,81.96,74.09,80.88,201.6,240.9,198.7562,225.09,35.71,38.65,28.36,35.56,351,417.70001,348.60001,403.79999,75,88.860001,71.059998,86.279999,61.139999,69.5,57.52,66.760002,0,0
2020-05-31T22:00:00Z,0.24928,0.25671,0.24928,0.25221,1731.2,1786.02,1670.88,1781.858,0.009275,0.009426,0.009105,0.009261,1.11151,1.14225,1.11005,1.12331,1.23201,1.28135,1.22516,1.23992,303.62,323.41,296.74,308.36,79.4375,93.095,79.3025,91.2,182.54,204.4,181.35,203.51,1425.7,1475.79,1351.65,1418.05,35.79,44.255,35.61,36.82,171.6,217.538,170.82,215.962,210,247.14,209.0588,239.19,418.83,474.01,404.25,455.04,53.31,59,48.42,52.61,290.42,328.11,287.37,315.61,2448,2796,2437.13,2758.82,326.05,334.66,306.5,329.48,154.9,175.4,150,174.23,833.8,857.224,790,828.5,17.854,18.382,16.9555,18.194,77.66,83.62,71.06,73.59,79.89,92.14,79.24,91.21,224.59,245.1853,207.11,227.07,35.79,44.255,35.61,36.82,405,416.5,352.20001,394.89999,88.300003,92.300003,83.300003,90.900002,67.800003,73.5,62.16,62.619999,0,0
2020-06-30T22:00:00Z,0.25223,0.26984,0.25102,0.26651,1781.93,1984.218,1756,1974.9,0.009264,0.009596,0.009247,0.009438,1.12331,1.1909,1.11852,1.17754,1.23992,1.31702,1.23593,1.3077,309.57,327.23,309.07,326.52,91.28,106.415,89.145,106.26,203.14,216.38,197.51,205.01,1419.17,1587.05,1414.18,1487.95,36.92,38.47,34.01,36.84,216.6,358.998,216.1,286.152,239.94,251.39,226.55,236.43,454,575.37,454,488.88,52.63,78.96,51.6,77.43,315.11,324.33,304.18,316.75,2757.99,3344.29,2754,3164.68,330.42,360,328.69,350.25,174.625,198.6599,164.33,196.07,824.5,966.5,805,900.5,18.209,26.1978,17.7715,24.3405,74,78.49,71.815,76.53,91.01,107.753,87.51,105.61,228.5,255.85,226.9,253.67,36.92,38.47,34.01,36.84,395.5,410.79999,351.10001,402,90.559998,133.39999,90.440002,126.05,63,64.879997,52.279999,53.279999,0,0
2020-08-02T22:00:00Z,0.26651,0.27268,0.26506,0.27108,1974.9,2075.135,1863.266,1967.244,0.009438,0.009514,0.009342,0.00944,1.17717,1.19661,1.16957,1.19361,1.30785,1.3396,1.29814,1.3369,328.32,351.3,327.73,349.31,108.2,131,107.8925,129.04,211.52,231.15,203.14,225.53,1491,1652.79,1464.03,1629.53,36.79,39.345,35.03,36.4,289.84,500.14,273,498.32,239.42,254.35,227.52,245.7,490.86,549.04,466.55,529.56,78.19,92.64,76.1,90.82,318,350.58,317.28,347.15,3180.51,3495,3073,3450.96,352.76,369.275,340.48,366.42,198.25,207,186.52,204.14,900.5,1009,898.062,928,24.41,29.863,23.4025,28.116,76.48,85.36,74.76,84.47,107.4,121.06,104.74,119.1,252.65,304.67,247.43,293.2,36.79,39.345,35.03,36.4,400,462,399.39999,438.5,126.8,139.95,126,136.85001,53.540001,57.720001,50.639999,50.639999,0,0
2020-08-31T22:00:00Z,0.27107,0.27292,0.2539,0.25843,1967.054,1992.63,1848.662,1885.328,0.00944,0.009614,0.009386,0.009483,1.19361,1.20114,1.16121,1.17191,1.3369,1.34832,1.26751,1.29115,350.21,358.75,319.8,334.89,132.76,137.98,103.1,115.81,225.51,232.86,196.25,210.33,1632.16,1726.1022,1402.15,1465.6,36.16,38.94,34.17,35.85,502.14,502.49,329.88,429.01,247.99,261.94,215.829,231.01,532.6,557.3895,458.6,500.03,91.92,94.28,73.85,81.99,350,378.96,343.48,364.32,3489.58,3552.25,2871,3148.73,366.22,379.8699,335.05,360.6,205.59,212.45,171.63,197.03,927.5,985,830.38,887.5,28.1266,28.902,21.6654,23.2405,84.7,89.43,81.75,85.92,121.08,123.9299,108.3,117.68,294.71,303.6,244.13,261.9,36.16,38.94,34.17,35.85,438.5,451,385.29999,418.39999,138,139.5,114.5,118,50.860001,51.459999,43.849998,45.849998,0,0
2020-09-30T22:00:00Z,0.25844,0.26492,0.25196,0.2525,1885.325,1933.28,1860,1877.9,0.009483,0.009611,0.009426,0.009552,1.17191,1.18808,1.164,1.1645,1.29115,1.31769,1.28194,1.29457,337.69,354.02,322.6,326.54,117.64,125.39,107.72,108.86,213.49,225.21,199.62,202.47,1483.6608,1681.315,1433.23,1616.11,36.03,41.03,35.25,38.95,440.76,465.9,379.11,388.04,232.76,268.44,223.51,235.54,506.03,572.49,472.21,475.74,83.06,88.72,74.23,75.29,368.98,387.8,344.42,349.63,3208,3496.24,3019,3036.15,364.89,368.1442,319.04,322.73,199.26,215.83,182.92,186.13,888,918.594,844.502,849,23.201,25.565,22.584,23.6415,87.04,91.13,85.09,86.96,119.93,132.42,115.43,123.36,265.35,285.24,254.82,263.11,36.03,41.03,35.25,38.95,416.89999,416.89999,320,335.39999,118.5,131.60001,112,118.15,46.32,47.200001,37.200001,38.099998,0,0
2020-11-01T22:00:00Z,0.2525,0.26788,0.25228,0.26592,1877.9,1965.55,1764.73,1776.7,0.009552,0.009691,0.009465,0.009583,1.1647,1.20033,1.16025,1.19232,1.29209,1.3397999999999999,1.28538,1.33173,330.2,364.38,327.24,362.06,109.11,121.99,107.32,119.05,204.29,228.12,200.12,214.07,1623.54,1816.89,1612.108,1754.4,39.45,45.43,38.465,43.21,394,607.8,392.3,567.6,237.2025,282.4929,236.21,280.23,478.87,518.7337,463.41,490.7,75.85,92.74,73.7573,92.66,355.04,402.16,346.66,401.58,3061.74,3366.8,2950.12,3168.04,328.57,368.27,325.77,351.78,189.01,216.07,174.81,214.12,846.5,979.863,842.142,961.5,23.6305,26.002,21.893,22.62,87.54,99.3264,85.45,98.02,124.5,153.33,122.41,147.17,264.6,297.38,257.34,276.97,39.45,45.43,38.465,43.21,343.60001,401.10001,341.39999,389.5,118.1,158.5,116.5,149,38.52,58.080002,38,55.34,0,0
2020-11-30T22:00:00Z,0.26607,0.27625,0.26607,0.26773,1776,1906.74,1775.9,1897.9,0.009585,0.009719,0.009548,0.009677,1.19232,1.23101,1.19231,1.22157,1.33173,1.36863,1.31344,1.36561,365.57,378.46,362.03,373.88,121.01,138.789,120.01,132.69,214.51,227.18,209.11,222.42,1766.655,1843.83,1694,1752.64,44.31,47.25,43.96,46.59,597.59,718.72,541.21,705.67,281.87,307.22,273.76,305.34,492.3404,545.5,491.29,540.73,92.25,97.98,89.0297,91.71,403.46,438.5,398.1,437.85,3188.5,3350.65,3072.82,3256.93,352.73,352.73,311.68,328.73,217.15,244.25,206.65,234.2,962.5,1081.5,950.331,1072,22.6225,27.409,22.5881,26.335,99,107.14,98.2133,106.98,148.79,161.07,141.8901,152.34,279.16,291.78,264.63,273.16,44.31,47.25,43.96,46.59,392.39999,464.20001,238.5,274.70001,149.89999,191.95,149.60001,183,57,63.200001,53.52,57.720001,0,0
2020-12-31T22:00:00Z,0.26766,0.27341,0.2654,0.26802,1898.07,1959.33,1802.472,1846.715,0.009677,0.009746,0.00953,0.009547,1.2239,1.23495,1.20535,1.21327,1.3646099999999999,1.37589,1.34509,1.36893,375.31,385.85,364.82,370.07,133.52,145.09,126.382,131.96,222.53,242.64,211.94,231.96,1760,1932.08,1696.1014,1827.36,46.69,50.93,42.73,42.85,719.46,900.4,717.1895,793.53,304.11,321.13,272.6974,277.43,539,593.2877,485.6701,532.39,92.11,99.23,85.02,85.64,439.33,470,420.54,450.5,3270,3363.89,3086,3206.2,331.71,336.73,303.5,317,237.8,254.39,225,234.31,1072,1154.091,1011.802,1071.5,26.356,27.922,24.0632,26.9366,107.66,107.75,95.92,96.81,153.01,167.94,147.1388,156.28,274.78,286.79,244.61,258.33,46.69,50.93,42.73,42.85,276.5,376.5,234.2,305.20001,185.89999,221,167.14999,188.39999,58.939999,64.980003,56,56.02,0,0
2021-01-31T22:00:00Z,0.26794,0.27117,0.2654,0.26667,1846.69,1871.81,1717.344,1732.526,0.009547,0.009576,0.009374,0.009385,1.2127999999999999,1.22432,1.1952099999999999,1.20699,1.3704,1.4241,1.35661,1.39238,373.72,394.17,370.376,380.36,133.75,137.877,118.39,121.26,235.06,246.13,227.88,232.38,1844.585,2145.14,1844.585,2021.91,43.27,53.54,42.47,50,814.29,880.5,619,675.5,280.41,316.3097,274.82,276,536.79,566.65,518.28,538.85,86.83,94.22,79.36,84.51,455.85,495.14,453.59,469.87,3242.36,3434,3036.7,3092.93,319.75,342,317.18,329.36,238.37,309.14,235.4,259.85,1074,1337.298,1074,1188.5,26.9797,30.0941,25.9025,26.641,96.99,109.48,96.92,108.03,157.37,167.58,134.44,136.19,259.52,276.6,254.04,257.62,43.27,53.54,42.47,50,305.5,316,234.2,236.60001,197,214.3,179.35001,189.35001,56.5,62.299999,56.240002,58.84,0,0
2021-02-28T22:00:00Z,0.26689,0.26781,0.25121,0.25283,1734.29,1759.846,1676.91,1707.47,0.009385,0.0094,0.009014,0.00903,1.20701,1.21133,1.17041,1.17299,1.39288,1.40174,1.36701,1.37773,385.59,398.12,371.88,396.33,123.75,128.72,116.21,122.15,235.9,241.05,224.26,235.77,2048,2113.74,1994,2062.52,51.02,57.02,50.04,55.31,690.11,721.11,539.49,667.93,279.86,286.9,252.6,277.15,545.5734,556.99,492.85,521.66,85.365,86.95,73.86,78.5,479.7,490.8599,419.26,463.66,3127.89,3182,2881.0001,3094.08,331.52,362.1486,325.5,352.87,268.895,277.5,223.09,242.84,1187.5,1236.837,1112.31,1186,26.641,27.072,23.7805,24.397,108.6,112.34,102.75,109.27,137.5,140.1,122.99,132.59,260.82,299.705,253.5,294.53,51.02,57.02,50.04,55.31,237.39999,251.60001,181.5,190.5,193.25,199.2,166,190.2,60,70.900002,59.220001,63.459999,0,0
2021-03-31T22:00:00Z,0.25274,0.26566,0.25274,0.26328,1707.52,1797.83,1705.92,1768.76,0.009031,0.009303,0.009022,0.009143,1.17299,1.215,1.17127,1.20161,1.37773,1.4009,1.36686,1.38158,398.4,420.72,398.18,417.3,123.66,137.07,122.49,131.46,238.47,263.19,238.0501,252.18,2092.25,2431.38,2091.43,2353.5,55.13,60.13,54.53,59.35,688.37,780.79,659.42,709.44,277.84,303.69,277.84,291.91,529.93,563.56,499,513.47,80.155,89.2,77.935,81.62,472.07,489.635,449,456.2,3117.94,3554,3115.55,3467.42,359.44,394.935,355.51,390.39,248.04,277.86,245.7,262.29,1183.5,1256.023,1157.5,1198.5,24.3882,26.641,24.2419,25.894,110.06,118.98,108.2,114.49,134.5,145.2965,132.47,138.8,298.4,331.81,296.04,325.08,55.13,60.13,54.53,59.35,190.8,201,165.10001,174.12,190,209,184.75,194.60001,63.5,68.860001,63.48,66.720001,0,0
2021-05-02T22:00:00Z,0.26338,0.27329,0.26221,0.27272,1768.76,1912.74,1766.29,1907.06,0.009143,0.009227,0.009075,0.009124,1.20319,1.22664,1.19859,1.22237,1.38122,1.42341,1.38009,1.42053,419.43,422.815,404,420.04,132.04,134.07,122.25,124.61,253.4,254.35,238.07,249.68,2364.91,2389.05,2193.62,2356.85,59.63,62.47,58.82,60.78,703.8,706,546.98,625.22,292.99,293.5,265.75,285.86,512.65,518.95,478.54,502.81,81.97,82,72.5,80.08,459.75,474.62,419.14,472.33,3484.73,3486.645,3127.37,3223.07,391.01,398.55,364.12,379.47,265.06,265.8,233.61,260.02,1193,1275,1165.4,1187,25.894,28.745,25.8055,28.021,115.18,116.74,108.88,113.88,139.7,139.76,123.68,134.54,326.17,333.78,298.19,328.73,59.63,62.47,58.82,60.78,175.22,182.96001,151.08,168.74001,197,230.8,191.7,202,67.18,82.68,66.599998,81.800003,0,0
2021-05-31T22:00:00Z,0.27261,0.27425,0.2602,0.26196,1907.417,1916.53,1750.78,1769.97,0.009124,0.009157,0.009,0.009,1.22237,1.22544,1.1844999999999999,1.18561,1.42053,1.42504,1.37862,1.38279,422.57,428.78,414.7,428.06,125.08,137.41,123.13,136.96,251.23,271.65,243,270.9,2374.44,2461.91,2329.52,2441.79,61.51,61.76,54.06,56.97,627.8,697.62,571.22,679.7,287,298.14,271.1506,291.9,504.01,536.13,482.14,528.21,81.01,94.335,78.96,93.93,475.44,478.59,458.44,476.84,3243.495,3524.8599,3172.2,3440.16,382.18,414.77,372.94,410.45,261.08,296.01,256.15,291.48,1187.5,1207.262,1026.5,1072.5,28.0506,28.553,25.529,26.117,114.558,114.6237,109.2615,111.81,135.1036,143.628,131.42,142.93,330.15,358.14,323.48,347.71,61.51,61.76,54.06,56.97,156.12,211.64999,152.60001,185.02,202.5,210.8,174.60001,187.64999,81.800003,84.239998,75.720001,76.779999,0,0
2021-06-30T22:00:00Z,0.26189,0.26423,0.25589,0.25946,1769.406,1834.14,1765.78,1814.15,0.009001,0.009167,0.008957,0.009115,1.18561,1.19087,1.17517,1.18673,1.38279,1.39833,1.35716,1.39043,428.87,441.8,421.97,438.51,136.6,150,135.76,145.86,269.61,290.15,269.6,284.91,2434.5,2765.94,2430.63,2694.53,57.35,59.73,54.2,55.54,683.92,700,620.46,687.2,291.78,322.68,284.42,321.13,525.72,557.5399,504.66,517.57,94.04,106.97,84.24,106.19,477.84,494.02,455.71,485.4,3434.61,3773.0782,3306.98,3327.59,411.94,429.93,406.1,428.72,290.33,310.16,274.21,275.53,1072,1146.953,1040.757,1049,26.1,26.773,24.5,25.454,111.95,126.32,111.81,121.43,142.91,151.52,135.6,149.8,346.82,377.5499,334.5,356.3,57.35,59.73,54.2,55.54,185.10001,206.14999,176.8,184.74001,188,200.5,176.60001,194.60001,76.980003,79.18,68.400002,72.940002,0,0
2021-08-01T22:00:00Z,0.25946,0.26191,0.25436,0.26057,1814.15,1831.72,1681.95,1813.296,0.009115,0.009197,0.009026,0.009089,1.18673,1.18997,1.16639,1.18081,1.39008,1.39578,1.36021,1.3754,440.34,453.07,436.1,451.56,146.36,153.49,144.5,151.83,286.36,305.84,283.74,301.88,2702.34,2919.41,2666.39,2893.95,55.87,59.17,54.3496,57.39,700,740.39,648.84,735.72,321.41,344.39,308.025,310.09,519,569.48,505.37,569.19,105.93,122.49,101.975,110.72,489.05,507.85,462.66,497.21,3353.1,3472.58,3175.76,3470.79,430.6,446.63,422.79,443.82,276.885,292.65,266.6033,288.66,1046.5,1069.037,965.974,1013,25.45,26.002,22.3916,23.8648,122.0265,122.98,113.61,117.49,150,152.28,138.96,146.69,358.1,382.759,347.7,379.38,55.87,59.17,54.3496,57.39,183.48,183.48,163.2,169.32001,195.75,199.89999,169,178.3,73.800003,75.839996,69.839996,74.300003,0,0
2021-08-31T22:00:00Z,0.26066,0.26361,0.2495,0.25082,1813.295,1834.01,1721.71,1756.388,0.009091,0.009164,0.008923,0.008984,1.18081,1.1909,1.15625,1.15755,1.3754,1.39131,1.34116,1.34706,452.56,454.05,428.78,429.14,152.83,157.26,141.27,141.5,302.865,305.32,281.62,281.92,2900,2925.075,2671.12,2673.52,57.61,61.655,54.585,59.44,734.08,799,708.85,775.48,311.8,315.46,278.46,285.17,569,619,568.08,610.34,111.3,111.85,99.51,102.9,496.27,510.7,484.4801,484.93,3496.396,3549.99,3273.99,3285.04,445.35,456.63,420.03,424.89,290.1,296.7,256.89,260.21,1013.5,1030.654,907.673,962.5,23.8668,24.868,21.429,22.1667,118.01,120.76,110.31,110.31,146.84,148.1,128.695,128.98,379.59,384.33,338.15,339.39,57.61,61.655,54.585,59.44,171,199.42,169.39999,191.8,177,181.7,152.85001,157.64999,74.5,82.339996,72,82.019997,0,0
2021-09-30T22:00:00Z,0.25082,0.25474,0.25004,0.25044,1756.495,1813.94,1746,1782.763,0.008982,0.009022,0.00872,0.008768,1.15755,1.16921,1.15245,1.15611,1.34706,1.38344,1.34334,1.36821,430.98,459.56,426.36,459.25,141.9,153.165,138.27,149.8,282.1217,332,280.25,331.62,2688.95,2973,2621,2960.92,59.75,63.01,58.6,60.37,778.4,1115.21,763.59,1114,283.8,318.74,271.09,317.61,604.24,690.9699,594.68,690.31,102.6,128.08,99.82,120.23,487.85,536.07,472.78,531.67,3289.01,3479,3176.25,3372.43,426.03,475.66,414.935,474.16,261.4548,273.51,231.71,232.59,964,1077.675,949.041,1018.5,22.163,24.821,22.004,23.863,110.89,115.57,104.02,106.07,129.7999,133.83,122.165,133.04,341.61,345.02,308.11,323.57,59.75,63.01,58.6,60.37,190.5,212,172.58,173.88,156,174.55,150.14999,153.39999,81.260002,91.199997,80.099998,86.059998,0,0
2021-10-31T22:00:00Z,0.25044,0.25319,0.23829,0.24309,1779.8,1877.145,1758.93,1773.986,0.008768,0.008885,0.008658,0.008831,1.15573,1.16164,1.1186099999999999,1.13377,1.36816,1.36981,1.31941,1.32964,460.3,473.54,455.3,455.56,148.985,165.7,147.48,165.3,331.355,349.67,326.37,330.59,2960.92,3019.33,2832.03,2837.95,60.93,62.255,55.265,55.34,1145,1243.49,978.6,1144.76,318.5,335.48,245.05,254.19,689.06,700.9894,640.01,641.9,119.45,164.4599,118.1301,158.37,530.336,577.21,524.93,553.68,3361.8,3762.145,3283.55,3507.07,474.12,476.17,448.8,455.73,232.7,233.55,180.5,184.89,1018.5,1104.45,934.5,939,23.869,25.401,22.703,22.8017,107.225,117.47,107.2,109.64,132.44,188.77,132.44,180.56,326.04,353.83,323.2,324.46,60.93,62.255,55.265,55.34,176.2,201,170.66,182.75999,151,160.5,131.5,141.05,86.059998,89.800003,69.199997,71.879997,0,0
2021-11-30T22:00:00Z,0.24318,0.24781,0.24232,0.24738,1774,1830.36,1753.1,1829.24,0.008834,0.008883,0.008681,0.008686,1.13377,1.13864,1.12216,1.13835,1.32964,1.35505,1.31601,1.35323,461.64,479,448.92,474.96,167.48,182.13,157.8,177.57,335.13,344.3,317.25,336.32,2880,2982,2786.42,2897.04,56.58,58.17,53.84,56.17,1160.695,1172.8399,886.12,1056.78,260.86,285.3799,249.41,281.19,649.48,654.52,581.74,602.44,160.37,160.88,130.6,143.9,563.48,677.76,544,665.41,3545,3559.88,3303.9,3334.34,461.05,484.21,445.33,471.93,187.77,197.69,179.15,188.58,938.5,988.5,900,964,22.81,23.4296,21.4331,23.29,110.96,117.48,106.61,116.97,180.885,192.68,171.21,182.87,330.29,352.71,299.5,336.35,56.58,58.17,53.84,56.17,183.53999,197.86,172.92,192.89999,143.89999,148.35001,134.60001,139.39999,73.040001,77.160004,69.660004,74.339996,0,0
2022-01-02T22:00:00Z,0.24739,0.25318,0.24282,0.24468,1828,1853.83,1778.5,1796.64,0.008684,0.008811,0.008596,0.008682,1.13835,1.14828,1.11214,1.12331,1.35235,1.3748799999999999,1.33577,1.34433,476.3,479.98,420.76,449.91,177.83,182.94,154.7,174.78,335.35,338,276.05,310.98,2901.1,2929.6978,2490,2706.07,56.08,63.57,53.68,58.19,1147.75,1208,792.01,936.72,280.73,284.96,226.4,249.79,605.61,609.99,351.46,427.14,145.135,152.42,99.35,114.25,666.317,672.1862,513.4,585.88,3351,3428,2707.04,2991.47,472.83,472.83,390.95,415.22,191.41,196.0998,152.08,171.94,965,1061.5,930.5,1020,23.28,24.699,21.9572,22.458,116.47,117.8,93.79,98.32,182.91,193.58,157.38,175.76,338.295,343.0854,289.01,313.26,56.08,63.57,53.68,58.19,192.88,208.10001,166.10001,180.06,140.75,157.64999,133.7,139.55,74.5,83.660004,70.599998,71,0,0
2022-01-31T22:00:00Z,0.24471,0.255,0.2364,0.23825,1796.64,1974.398,1788.76,1908.67,0.008687,0.008758,0.008597,0.008696,1.12331,1.14948,1.11063,1.12175,1.34433,1.36435,1.32727,1.34147,450.68,458.12,410.64,436.63,174.01,176.65,152,165.12,310.41,315.12,271.52,298.79,2751.89,3030.9315,2499.065,2701.14,58.14,60.5,53.77,56.54,935.21,947.77,700,870.43,250.8894,252.34,199.6317,220.23,432.96,458.48,354.72,394.52,116.75,132.96,104.26,123.34,585.87,614.64,549.02,587.44,3000,3276.69,2766.66,3071.26,418.45,423.41,363.54,375.7,172.77,176.2,94.5,111.93,1018,1126,1011,1044.5,22.458,25.616,22.01,24.44,98.4175,99.15,87.25,91.79,176.4447,192.1,155.79,171.99,314.555,328,190.22,211.03,58.14,60.5,53.77,56.54,181.28,188,150.2,168.39999,141.3,165.5,138.8,165.5,71.5,75.5,61.139999,71.059998,0,0
2022-02-28T22:00:00Z,0.23827,0.24054,0.21722,0.23775,1907.9,2070.42,1890.35,1936.32,0.008696,0.008721,0.008003,0.008215,1.12175,1.1233,1.08059,1.10665,1.34147,1.3437,1.29999,1.31337,435.04,462.07,415.12,451.64,164.695,179.61,150.1,174.61,296.4,315.95,270,308.31,2697.57,2875.87,2505.5,2781.35,55.78,57.92,52.44,53.15,869.68,1114.77,756.04,1077.6,220.94,223.81,186.29,214.35,391.6,396.5,329.82,374.59,122.33,125.67,100.08,109.34,584.79,645.31,563.61,629.68,3054.65,3416.63,2671.45,3259.95,378,423.545,373.18,410.18,112.73,122.81,92.25,115.65,1046.5,1177,960.5,983,24.44,26.945,23.9789,24.76,91.49,93.5,78.92,90.97,170.96,171.84,139.05,152.82,209.87,231.151,185.82,222.36,55.78,57.92,52.44,53.15,170,187.14,155,173.74001,166.5,193.60001,160.64999,172.89999,71.199997,81.199997,71.199997,76.019997,0,0
2022-03-31T22:00:00Z,0.23788,0.23836,0.2231,0.22509,1936.411,1998.39,1872.2,1895.638,0.008215,0.008216,0.007621,0.0077,1.10665,1.1076,1.04709,1.05413,1.31337,1.31666,1.24112,1.25679,453.31,457.83,411.21,412,174.03,178.49,155.38,157.65,309.37,315.11,270,277.52,2790,2874.24,2254.7301,2282.19,53.64,53.88,48.42,48.56,1081.15,1152.87,821.7,870.76,215.62,220.41,180.19,189.28,376.8,396.02,185.6,190.36,110.48,111.42,84.02,85.52,631.69,636.72,553.395,554.39,3282.99,3367.89,2432.5,2485.63,409.98,417.37,373.68,376.5,116,122.918,82.12,87.93,983.5,1023.5,911.5,931,24.777,26.215,22.69,22.74,91.5,91.89,74.48,74.64,151.94,154.13,130.66,139.69,224.55,236.86,169,200.47,53.64,53.88,48.42,48.56,174,179.92,119.74,120.98,173,176.89999,138.25,144.95,76.720001,82.099998,72.919998,75.32,0,0
2022-05-01T22:00:00Z,0.22531,0.22844,0.22139,0.22674,1897,1909.8,1787.031,1845.818,0.007698,0.0078713,0.007615,0.0078513,1.05413,1.06417,1.03488,1.05792,1.25778,1.26382,1.21552,1.2493,412.07,429.66,385.15,389.49,156.71,166.48,137.84,138.77,277.71,290.88,250.02,256.1,2268.1,2457.09,2196.49,2242.92,49.06,50.92,47.68,49.22,860.77,955.5,680,716.72,189.23,204.79,175.41,194.77,191.71,204.38,162.71,182.17,85.655,104.22,83.27,99.63,557.14,609,538.96,548.92,2448.02,2524.41,2048.11,2179.17,364,372.01,322.2,329.88,87.55,92.85,71.8312,80.3,933.5,1004,922,958.5,22.74,23.274,20.462,21.887,75.25,82.87,68.39,71.41,140.6,149.5,127.82,131.73,201.165,224.3,184.78,192.85,49.06,50.92,47.68,49.22,119.82,125.42,113.28,116.46,142.10001,144.7,112.3,134.1,75.300003,76.699997,69.279999,71.66,0,0